"Summary","Description","Priority","Labels","Issue Type"
"US_001: Bir ynetici olarak API balants zerinden courses'e eriebilmek istiyorum.","**Role:** Course
**Acceptance Criteria:**
- ""/api/courses endpoint'ine gecerli authorization bilgileri ile bir GET request gnderildiginde dnen status code'in 200 ve response body'deki remark bilgisinin """"success"""" oldugu dogrulanmali.""
- id(x) olaninin response body'de donen bilgileri (teacher_id, creator_id, category_id, type, private, slug, start_date, duration, timezone) dorulanmal.
- ""/api/courses endpoint'ine gecersiz (invalid token) authorization bilgileri ile bir GET request gnderildiginde dnen status code'in 401 ve response body'deki message bilgisinin """"Unauthenticated."""" oldugu dogrulanmali.""","Medium","Course","Story"
"US_002: Bir ynetici olarak API baglantisi zerinden belirtilen id numarasna sahip course'in detayl bilgilerine erisebilmeliyim.","**Role:** Course
**Acceptance Criteria:**
- ""/api/course/{id} endpoint'ine gecerli authorization bilgileri ve dogru data (id) iceren bir GET request gnderildiginde dnen status code'in 200 ve response body'deki remark bilgisinin """"success"""" oldugu dogrulanmali.""
- Response body icindeki list datalarnn (id, teacher_id, creator_id, category_id, type, private, slug, start_date, duration, timezone) ierikleri dorulanmali.
- ""/api/course/{id} endpoint'ine gecerli authorization bilgileri ve kayd olmayan bir (id) iceren bir GET request gnderildiginde dnen status code'in 203, response body'deki remark bilgisinin """"failed"""" ve message bilgisinin de """"There is not course for this id."""" oldugu, (id) icermeyen bir GET request gnderildiginde de dnen status code'un 203, response body'deki remark bilgisinin """"failed"""" ve message bilgisinin de """"No id"""" oldugu dogrulanmali.""
- ""/api/course/{id} endpoint'ine gecersiz (invalid token) authorization bilgileri ve dogru data (id) iceren bir GET request gnderildiginde dnen status code'in 401 ve response body'deki message bilgisinin """"Unauthenticated."""" oldugu dogrulanmali.""","Low","Course","Story"
"US_003: Bir ynetici olarak API balants zerinden yeni bir course kayd olusturabilmek istiyorum.","**Role:** Course
**Acceptance Criteria:**
- ""/api/addCourse endpoint'ine gecerli authorization bilgileri ve dogru datalar (title, type, slug, start_date, duration, capacity, price, description, teacher_id) iceren bir POST body gnderildiginde dnen status code'in 200, response body'deki remark bilgisinin """"success"""" ve Message bilgisinin de """"Successfully Added."""" oldugu dogrulanmali.""
- ""/api/addCourse endpoint'ine gecerli authorization bilgileri ve eksik data (teacher_id) iceren bir POST body (title, type, slug, start_date, duration, capacity, price, description) gnderildiginde dnen status code'in 422 oldugu ve response body'deki message bilgisinin """"The teacher id field is required."""" oldugu, data icermeyen bir POST request gnderildiginde de dnen status code'in 422 oldugu ve response body'deki message bilgisinin """"The teacher id field is required. (and 2 more errors)"""" oldugu dogrulanmali""
- ""/api/addCourse endpoint'ine gecersiz (invalid token) authorization bilgileri ile dogru datalar (title, type, slug, start_date, duration, capacity, price, description, teacher_id) iceren bir POST body gnderildiginde dnen status code'in 401 oldugu ve response body'deki message bilgisinin """"Unauthenticated."""" oldugu dogrulanmali""
- ""API uzerinden olusturulmak istenen yeni course kaydinin olustugu API uzerinden dogrulanmali. 
(Response bodyde dnen Added Course ID ile /api/course/{id} endpoint'ine GET request gnderilerek kayt oluturulduu dorulanabilir.)""","High","Course","Story"
"US_004: Bir ynetici olarak API baglantisi zerinden belirtilen id numarasna sahip course'in bilgilerini gncelleyebilmek istiyorum.","**Role:** Course
**Acceptance Criteria:**
- ""/api/updateCourse/{id} endpoint'ine gecerli authorization bilgileri ile dogru (id) ve dogru datalar (duration, capacity, price, title) iceren bir PATCH body gnderildiginde dnen status code'in 200, response body'deki remark bilgisinin """"success"""" ve Message bilgisinin de """"Successfully Updated."""" oldugu dogrulanmali.""
- ""/api/updateCourse/{id} endpoint'ine gecerli authorization bilgileri ile dogru (id) ve data icermeyen bir PATCH request gnderildiginde dnen status code'in 203, response body'deki remark bilgisinin """"failed"""" ve message bilgisinin de """"There is no information to update."""" oldugu dogrulanmali.""
- ""/api/updateCourse/{id} endpoint'ine gecerli authorization bilgileri ile kayd olmayan bir (id) ve dogru datalar (duration, capacity, price, title) iceren bir PATCH body gnderildiginde dnen status code'in 203, response body'deki remark bilgisinin """"failed"""" ve message bilgisinin de """"There is not course for this id."""" oldugu, (id) icermeyen ve dogru datalar (duration, capacity, price, title) iceren bir PATCH body gnderildiginde de dnen status code'in 203, response body'deki remark bilgisinin """"failed"""" ve message bilgisinin de """"No id"""" oldugu dogrulanmali.""
- ""/api/updateCourse/{id} endpoint'ine gecersiz (invalid token) authorization bilgileri ile dogru (id) ve dogru datalar (duration, capacity, price, title) iceren bir PATCH body gnderildiginde dnen status code'in 401 oldugu ve response body'deki message bilgisinin """"Unauthenticated."""" oldugu dogrulanmali""
- /api/updateCourse/{id} endpoint'inden donen response body icindeki Updated Course ID bilgisinin /api/updateCourse/{id} endpoint'inde yazan id path parametresi ile ayni oldugu dogrulanmali.
- ""API uzerinden gncellenmek istenen course kaydinin gncellendigi, API uzerinden dogrulanmali.
(Response body'de dnen Updated Course ID ile /api/course/{id} endpoint'ine GET request gnderilerek kaydn gncellendii dorulanabilir.)""","High","Course","Story"
"US_005: Bir ynetici olarak API baglantisi zerinden belirtilen id numarasna sahip course bilgilerini silebilmek istiyorum.","**Role:** Course
**Acceptance Criteria:**
- ""/api/deleteCourse/{id} endpoint'ine gecerli authorization bilgileri ve dogru (id) iceren bir DELETE request gnderildiginde dnen status code'in 200, response body'deki remark bilgisinin """"success"""" ve Message bilgisinin de """"Successfully Deleted."""" oldugu dogrulanmali.""
- ""/api/deleteCourse/{id} endpoint'ine gecerli authorization bilgileri ve kayd olmayan bir (id) iceren bir DELETE request gnderildiginde dnen status code'in 203, response body'deki remark bilgisinin """"failed"""" ve message bilgisinin de """"There is not course for this id."""" oldugu, (id) icermeyen bir DELETE request gnderildiginde de dnen status code'in 203, response body'deki remark bilgisinin """"failed"""" ve message bilgisinin de """"No id"""" oldugu dogrulanmali.""
- ""/api/deleteCourse/{id} endpoint'ine gecersiz (invalid token) authorization bilgileri ile dogru (id) iceren bir DELETE request gnderildiginde dnen status code'in 401 oldugu ve response body'deki message bilgisinin """"Unauthenticated."""" oldugu dogrulanmali""
- /api/deleteCourse/{id} endpoint'inden donen response body icindeki Deleted Course ID bilgisinin /api/deleteCourse/{id} endpoint'inde yazan id path parametresi ile ayni oldugu dogrulanmali.
- ""API uzerinden silinmek istenen course kaydinin silindigi, API uzerinden dogrulanmali.
(Response body'de dnen Deleted Course ID ile /api/course/{id} endpoint'ine GET request gnderilerek kaydn silindii dorulanabilir.)""","High","Course","Story"
"US_006: Bir ynetici olarak API balants zerinden courses categories'e eriebilmek istiyorum.","**Role:** Course Categories
**Acceptance Criteria:**
- ""/api/categories endpoint'ine gecerli authorization bilgileri ile bir GET request gnderildiginde dnen status code'in 200 ve response body'deki remark bilgisinin """"success"""" oldugu dogrulanmali.""
- id(x) olaninin response body'de donen bilgileri (slug, parent_id, icon, order, title, id, category_id, locale, title) dorulanmal.
- ""/api/categories endpoint'ine gecersiz (invalid token) authorization bilgileri ile bir GET request gnderildiginde dnen status code'in 401 ve response body'deki message bilgisinin """"Unauthenticated."""" oldugu dogrulanmali.""","Medium","Course Categories","Story"
"US_007: Bir ynetici olarak API baglantisi zerinden belirtilen id numarasna sahip course category'in detayl bilgilerine erisebilmeliyim.","**Role:** Course Categories
**Acceptance Criteria:**
- ""/api/category/{id} endpoint'ine gecerli authorization bilgileri ve dogru data (id) iceren bir GET request gnderildiginde dnen status code'in 200 ve response body'deki remark bilgisinin """"success"""" oldugu dogrulanmali.""
- Response body icindeki list datalarnn (id, slug, parent_id, icon, order, title, id, category_id, locale, title) ierikleri dorulanmali.
- ""/api/category/{id} endpoint'ine gecerli authorization bilgileri ve kayd olmayan bir (id) iceren bir GET request gnderildiginde dnen status code'in 203, response body'deki remark bilgisinin """"failed"""" ve message bilgisinin de """"There is not category for this id."""" (id) icermeyen bir GET request gnderildiginde de dnen status code'un 203, response body'deki remark bilgisinin """"failed"""" ve message bilgisinin de """"No id"""" oldugu dogrulanmali.""
- ""/api/category/{id} endpoint'ine gecersiz (invalid token) authorization bilgileri ve dogru data (id) iceren bir GET request gnderildiginde dnen status code'in 401 ve response body'deki message bilgisinin """"Unauthenticated."""" oldugu dogrulanmali.""","Low","Course Categories","Story"
"US_008: Bir ynetici olarak API balants zerinden yeni bir course category kayd olusturabilmek istiyorum.","**Role:** Course Categories
**Acceptance Criteria:**
- ""/api/addCategory endpoint'ine gecerli authorization bilgileri ve dogru data (title) iceren bir POST body gnderildiginde dnen status code'in 200, response body'deki remark bilgisinin """"success"""" ve Message bilgisinin de """"Successfully Added."""" oldugu dogrulanmali.""
- ""/api/addCategory endpoint'ine gecerli authorization bilgileri ve data icermeyen bir POST request gnderildiginde dnen status code'in 422 oldugu ve response body'deki message bilgisinin """"The title field is required."""" oldugu dogrulanmali""
- ""/api/addCategory endpoint'ine gecersiz (invalid token) authorization bilgileri ile dogru data (title) iceren bir POST body gnderildiginde dnen status code'in 401 oldugu ve response body'deki message bilgisinin """"Unauthenticated."""" oldugu dogrulanmali""
- ""API uzerinden olusturulmak istenen yeni course category kaydinin olustugu API uzerinden dogrulanmali. 
(Response bodyde dnen Added Category ID ile /api/category/{id} endpoint'ine GET request gnderilerek kayt oluturulduu dorulanabilir.)""","High","Course Categories","Story"
"US_009: Bir ynetici olarak API baglantisi zerinden belirtilen id numarasna sahip course category'in bilgilerini gncelleyebilmek istiyorum.","**Role:** Course Categories
**Acceptance Criteria:**
- ""/api/updateCategory/{id} endpoint'ine gecerli authorization bilgileri ile dogru (id) ve dogru data (title) iceren bir PATCH body gnderildiginde dnen status code'in 200, response body'deki remark bilgisinin """"success"""" ve Message bilgisinin de """"Successfully Updated."""" oldugu dogrulanmali.""
- ""/api/updateCategory/{id} endpoint'ine gecerli authorization bilgileri ile dogru (id) ve data icermeyen bir PATCH request gnderildiginde dnen status code'in 203 olduu, response body'deki remark bilgisinin """"failed"""" ve message bilgisinin de """"There is no information to update."""" oldugu dogrulanmali.""
- ""/api/updateCategory/{id} endpoint'ine gecerli authorization bilgileri ile kayd olmayan bir (id) ve dogru data (title) iceren bir PATCH body gnderildiginde dnen status code'in 203, response body'deki remark bilgisinin """"failed"""" ve message bilgisinin de """"There is not category for this id."""" oldugu, (id) icermeyen ve dogru data (title) iceren bir PATCH body gnderildiginde de dnen status code'in 203, response body'deki remark bilgisinin """"failed"""" ve message bilgisinin de """"No id"""" oldugu dogrulanmali.""
- ""/api/updateCategory/{id} endpoint'ine gecersiz (invalid token) authorization bilgileri ile dogru (id) ve dogru data (title) iceren bir PATCH body gnderildiginde dnen status code'in 401 oldugu ve response body'deki message bilgisinin """"Unauthenticated."""" oldugu dogrulanmali""
- /api/updateCategory/{id} endpoint'inden donen response body icindeki Updated Category Id bilgisinin /api/updateCategory/{id} endpoint'inde yazan id path parametresi ile ayni oldugu dogrulanmali.
- ""API uzerinden gncellenmek istenen course category kaydinin gncellendigi, API uzerinden dogrulanmali.
(Response body'de dnen Updated Category Id ile /api/category/{id} endpoint'ine GET request gnderilerek kaydn gncellendii dorulanabilir.)""","High","Course Categories","Story"
"US_010: Bir ynetici olarak API baglantisi zerinden belirtilen id numarasna sahip course category bilgilerini silebilmek istiyorum.","**Role:** Course Categories
**Acceptance Criteria:**
- ""/api/deleteCategory/{id} endpoint'ine gecerli authorization bilgileri ve dogru (id) iceren bir DELETE request gnderildiginde dnen status code'in 200, response body'deki status bilgisinin """"success"""" ve Message bilgisinin de """"Successfully Deleted."""" oldugu dogrulanmali.""
- ""/api/deleteCategory/{id} endpoint'ine gecerli authorization bilgileri ve kayd olmayan bir (id) iceren bir DELETE request gnderildiginde dnen status code'in 203, response body'deki remark bilgisinin """"failed"""" ve message bilgisinin de """"There is not category for this id."""" oldugu, (id) icermeyen bir DELETE request gnderildiginde de dnen status code'in 203, response body'deki remark bilgisinin """"failed"""" ve message bilgisinin de """"No id"""" oldugu dogrulanmali.""
- ""/api/deleteCategory/{id} endpoint'ine gecersiz (invalid token) authorization bilgileri ile dogru (id) iceren bir DELETE request gnderildiginde dnen status code'in 401 oldugu ve response body'deki message bilgisinin """"Unauthenticated."""" oldugu dogrulanmali""
- /api/deleteCategory/{id} endpoint'inden donen response body icindeki Deleted Category Id bilgisinin /api/deleteCategory/{id} endpoint'inde yazan id path parametresi ile ayni oldugu dogrulanmali.
- ""API uzerinden silinmek istenen course category kaydinin silindigi, API uzerinden dogrulanmali.
(Response body'de dnen Deleted Category Id ile /api/category/{id} endpoint'ine GET request gnderilerek kaydn silindii dorulanabilir.)""","High","Course Categories","Story"
"US_011: Bir ynetici olarak API balants zerinden course price plans'e eriebilmek istiyorum.","**Role:** Course Price Plans
**Acceptance Criteria:**
- ""/api/pricePlans endpoint'ine gecerli authorization bilgileri ile bir GET request gnderildiginde dnen status code'in 200 ve response body'deki remark bilgisinin """"success"""" oldugu dogrulanmali.""
- id(x) olaninin response body'de donen bilgileri (creator_id, webinar_id, bundle_id, start_date, end_date, discount, capacity, order, created_at, updated_at, deleted_at, title, id, ticket_id, locale, title) dorulanmal. 
- ""/api/pricePlans endpoint'ine gecersiz (invalid token) authorization bilgileri ile bir GET request gnderildiginde dnen status code'in 401 ve response body'deki message bilgisinin """"Unauthenticated."""" oldugu dogrulanmali.""","Medium","Course Price Plans","Story"
"US_012: Bir ynetici olarak API baglantisi zerinden belirtilen id numarasna sahip course price plan'in detayl bilgilerine erisebilmeliyim.","**Role:** Course Price Plans
**Acceptance Criteria:**
- ""/api/pricePlan/{id} endpoint'ine gecerli authorization bilgileri ve dogru data (id) iceren bir GET request gnderildiginde dnen status code'in 200 ve response body'deki remark bilgisinin """"success"""" oldugu dogrulanmali.""
- Response body icindeki list datalarnn (id, creator_id, webinar_id, bundle_id, start_date, end_date, discount, capacity, order, created_at, updated_at, deleted_at, title, id, ticket_id, locale, title) ierikleri dorulanmali.
- ""/api/pricePlan/{id} endpoint'ine gecerli authorization bilgileri ve kayd olmayan bir (id) iceren bir GET request gnderildiginde dnen status code'in 203, response body'deki remark bilgisinin """"failed"""" ve message bilgisinin de """"There is not ticket for this id."""" oldugu, (id) icermeyen bir GET request gnderildiginde de dnen status code'un 203, response body'deki remark bilgisinin """"failed"""" ve message bilgisinin de """"No id"""" oldugu dogrulanmali.""
- ""/api/pricePlan/{id} endpoint'ine gecersiz (invalid token) authorization bilgileri ve dogru data (id) iceren bir GET request gnderildiginde dnen status code'in 401 ve response body'deki message bilgisinin """"Unauthenticated."""" oldugu dogrulanmali.""","Low","Course Price Plans","Story"
"US_013: Bir ynetici olarak API balants zerinden yeni bir course price plan kayd olusturabilmek istiyorum.","**Role:** Course Price Plans
**Acceptance Criteria:**
- ""/api/addPricePlan endpoint'ine gecerli authorization bilgileri ve dogru datalar (title, dateRange, discount, capacity, webinar_id) iceren bir POST body gnderildiginde dnen status code'in 200, response body'deki remark bilgisinin """"success"""" ve Message bilgisinin de """"Successfully Added."""" oldugu dogrulanmali.""
- ""/api/addPricePlan endpoint'ine gecerli authorization bilgileri ve data icermeyen bir POST request gnderildiginde dnen status code'in 422 oldugu ve response body'deki message bilgisinin """"The title field is required. (and 3 more errors)"""" oldugu dogrulanmali""
- ""/api/addPricePlan endpoint'ine gecersiz (invalid token) authorization bilgileri ile dogru datalar (title, dateRange, discount, capacity, webinar_id) iceren bir POST body gnderildiginde dnen status code'in 401 oldugu ve response body'deki message bilgisinin """"Unauthenticated."""" oldugu dogrulanmali""
- ""API uzerinden olusturulmak istenen yeni course price plan kaydinin olustugu API uzerinden dogrulanmali. 
(Response bodyde dnen Added Price Plans ID ile /api/pricePlan/{id} endpoint'ine GET request gnderilerek kayt oluturulduu dorulanabilir.)""","High","Course Price Plans","Story"
"US_014: Bir ynetici olarak API baglantisi zerinden belirtilen id numarasna sahip course price plan'in bilgilerini gncelleyebilmek istiyorum.","**Role:** Course Price Plans
**Acceptance Criteria:**
- ""/api/updatePricePlan/{id} endpoint'ine gecerli authorization bilgileri ile dogru (id) ve dogru datalar (title, dateRange, discount, capacity, webinar_id) iceren bir PATCH body gnderildiginde dnen status code'in 200, response body'deki remark bilgisinin """"success"""" ve Message bilgisinin de """"Successfully Updated."""" oldugu dogrulanmali.""
- ""/api/updatePricePlan/{id} endpoint'ine gecerli authorization bilgileri ile dogru (id) ve data icermeyen bir PATCH request gnderildiginde dnen status code'in 203, response body'deki remark bilgisinin """"failed"""" ve message bilgisinin de """"There is no information to update."""" oldugu dogrulanmali.""
- ""/api/updatePricePlan/{id} endpoint'ine gecerli authorization bilgileri ile kayd olmayan bir (id) ve dogru datalar (title, dateRange, discount, capacity, webinar_id) iceren bir PATCH body gnderildiginde dnen status code'in 203, response body'deki remark bilgisinin """"failed"""" ve message bilgisinin de """"There is not ticket for this id."""" oldugu, (id) icermeyen ve dogru datalar (title, dateRange, discount, capacity, webinar_id) iceren bir PATCH body gnderildiginde de dnen status code'in 203, response body'deki remark bilgisinin """"failed"""" ve message bilgisinin de """"No id"""" oldugu dogrulanmali.""
- ""/api/updatePricePlan/{id} endpoint'ine gecersiz (invalid token) authorization bilgileri ile dogru (id) ve dogru datalar (title, dateRange, discount, capacity, webinar_id) iceren bir PATCH body gnderildiginde dnen status code'in 401 oldugu ve response body'deki message bilgisinin """"Unauthenticated."""" oldugu dogrulanmali""
- /api/updatePricePlan/{id} endpoint'inden donen response body icindeki Updated Price Plans ID bilgisinin /api/updatePricePlan/{id} endpoint'inde yazan id path parametresi ile ayni oldugu dogrulanmali.
- ""API uzerinden gncellenmek istenen course price plan kaydinin gncellendigi, API uzerinden dogrulanmali.
(Response body'de dnen Updated Price Plans ID ile /api/pricePlan/{id} endpoint'ine GET request gnderilerek kaydn gncellendii dorulanabilir.)""","High","Course Price Plans","Story"
"US_015: Bir ynetici olarak API baglantisi zerinden belirtilen id numarasna sahip course price plan bilgilerini silebilmek istiyorum.","**Role:** Course Price Plans
**Acceptance Criteria:**
- ""/api/deletePricePlan/{id} endpoint'ine gecerli authorization bilgileri ve dogru (id) iceren bir DELETE request gnderildiginde dnen status code'in 200, response body'deki remark bilgisinin """"success"""" ve Message bilgisinin de """"Successfully Deleted."""" oldugu dogrulanmali.""
- ""/api/deletePricePlan/{id} endpoint'ine gecerli authorization bilgileri ve kayd olmayan bir (id) iceren bir DELETE request gnderildiginde dnen status code'in 203, response body'deki remark bilgisinin """"failed"""" ve message bilgisinin de """"There is not ticket for this id."""" oldugu,  (id) icermeyen bir DELETE request gnderildiginde de dnen status code'in 203, response body'deki remark bilgisinin """"failed"""" ve message bilgisinin de """"No id"""" oldugu dogrulanmali.""
- ""/api/deletePricePlan/{id} endpoint'ine gecersiz (invalid token) authorization bilgileri ile dogru (id) iceren bir DELETE request gnderildiginde dnen status code'in 401 oldugu ve response body'deki message bilgisinin """"Unauthenticated."""" oldugu dogrulanmali""
- /api/deletePricePlan/{id} endpoint'inden donen response body icindeki Deleted Price Plan Id bilgisinin /api/deletePricePlan/{id} endpoint'inde yazan id path parametresi ile ayni oldugu dogrulanmali.
- ""API uzerinden silinmek istenen course price plan kaydinin silindigi, API uzerinden dogrulanmali.
(Response body'de dnen Deleted Price Plan Id ile /api/pricePlan/{id} endpoint'ine GET request gnderilerek kaydn silindii dorulanabilir.)""","High","Course Price Plans","Story"
"US_016: Bir ynetici olarak API balants zerinden course faqs'e eriebilmek istiyorum.","**Role:** Course FAQ
**Acceptance Criteria:**
- ""/api/coursefaqs endpoint'ine gecerli authorization bilgileri ile bir GET request gnderildiginde dnen status code'in 200 ve response body'deki remark bilgisinin """"success"""" oldugu dogrulanmali.""
- id(x) olaninin response body'de donen bilgileri (creator_id, webinar_id, bundle_id, upcoming_course_id, order, created_at, updated_at, title, answer) dorulanmal.
- ""/api/coursefaqs endpoint'ine gecersiz (invalid token) authorization bilgileri ile bir GET request gnderildiginde dnen status code'in 401 ve response body'deki message bilgisinin """"Unauthenticated."""" oldugu dogrulanmali.""","Medium","Course FAQ","Story"
"US_017: Bir ynetici olarak API baglantisi zerinden belirtilen id numarasna sahip course faq'in detayl bilgilerine erisebilmeliyim.","**Role:** Course FAQ
**Acceptance Criteria:**
- ""/api/coursefaq/{id} endpoint'ine gecerli authorization bilgileri ve dogru data (id) iceren bir GET request gnderildiginde dnen status code'in 200 ve response body'deki remark bilgisinin """"success"""" oldugu dogrulanmali.""
- Response body icindeki list datalarnn (id, creator_id, webinar_id, bundle_id, upcoming_course_id, order, created_at, updated_at, title, answer) ierikleri dorulanmali. 
- ""/api/coursefaq/{id} endpoint'ine gecerli authorization bilgileri ve kayd olmayan bir (id) iceren bir GET request gnderildiginde dnen status code'in 203, response body'deki remark bilgisinin """"failed"""" ve message bilgisinin de """"There is not course faq for this id."""" oldugu, (id) icermeyen bir GET request gnderildiginde de dnen status code'un 203, response body'deki remark bilgisinin """"failed"""" ve message bilgisinin de """"No id"""" oldugu dogrulanmali.""
- ""/api/coursefaq/{id} endpoint'ine gecersiz (invalid token) authorization bilgileri ve dogru data (id) iceren bir GET request gnderildiginde dnen status code'in 401 ve response body'deki message bilgisinin """"Unauthenticated."""" oldugu dogrulanmali.""","Low","Course FAQ","Story"
"US_018: Bir ynetici olarak API balants zerinden yeni bir course faq kayd olusturabilmek istiyorum.","**Role:** Course FAQ
**Acceptance Criteria:**
- ""/api/addCoursefaq endpoint'ine gecerli authorization bilgileri ve dogru datalar (title, answer, webinar_id) iceren bir POST body gnderildiginde dnen status code'in 200, response body'deki remark bilgisinin """"success"""" ve Message bilgisinin de """"Successfully Added."""" oldugu dogrulanmali.""
- ""/api/addCoursefaq endpoint'ine gecerli authorization bilgileri ve data icermeyen bir POST request gnderildiginde dnen status code'in 422 oldugu ve response body'deki message bilgisinin """"The title field is required. (and 1 more error)"""" oldugu dogrulanmali""
- ""/api/addCoursefaq endpoint'ine gecersiz (invalid token) authorization bilgileri ile dogru datalar (title, answer, webinar_id) iceren bir POST body gnderildiginde dnen status code'in 401 oldugu ve response body'deki message bilgisinin """"Unauthenticated."""" oldugu dogrulanmali""
- ""API uzerinden olusturulmak istenen yeni course faq kaydinin olustugu API uzerinden dogrulanmali. 
(Response bodyde dnen Added Course Faq ID ile /api/coursefaq/{id} endpoint'ine GET request gnderilerek kayt oluturulduu dorulanabilir.)""","High","Course FAQ","Story"
"US_019: Bir ynetici olarak API baglantisi zerinden belirtilen id numarasna sahip course faq'in bilgilerini gncelleyebilmek istiyorum.","**Role:** Course FAQ
**Acceptance Criteria:**
- ""/api/updateCoursefaq/{id} endpoint'ine gecerli authorization bilgileri ile dogru (id) ve dogru datalar (title, answer) iceren bir PATCH body gnderildiginde dnen status code'in 200, response body'deki remark bilgisinin """"success"""" ve Message bilgisinin de """"Successfully Updated."""" oldugu dogrulanmali.""
- ""/api/updateCoursefaq/{id} endpoint'ine gecerli authorization bilgileri ile dogru (id) ve data icermeyen bir PATCH request gnderildiginde dnen status code'in 203, response body'deki remark bilgisinin """"failed"""" ve message bilgisinin de """"There is no information to update."""" oldugu dogrulanmali.""
- ""/api/updateCoursefaq/{id} endpoint'ine gecerli authorization bilgileri ile kayd olmayan bir (id) ve dogru datalar (title, answer) iceren bir PATCH body gnderildiginde dnen status code'in 203, response body'deki remark bilgisinin """"failed"""" ve message bilgisinin de """"There is not course faq for this id."""" oldugu, (id) icermeyen ve dogru datalar (title, answer) iceren bir PATCH body gnderildiginde de dnen status code'in 203, response body'deki remark bilgisinin """"failed"""" ve message bilgisinin de """"No id"""" oldugu dogrulanmali.""
- ""/api/updateCoursefaq/{id} endpoint'ine gecersiz (invalid token) authorization bilgileri ile dogru (id) ve dogru datalar (title, answer) iceren bir PATCH body gnderildiginde dnen status code'in 401 oldugu ve response body'deki message bilgisinin """"Unauthenticated."""" oldugu dogrulanmali""
- /api/updateCoursefaq/{id} endpoint'inden donen response body icindeki Updated Course Faq ID bilgisinin /api/updateCoursefaq/{id} endpoint'inde yazan id path parametresi ile ayni oldugu dogrulanmali.
- ""API uzerinden gncellenmek istenen course faq kaydinin gncellendigi, API uzerinden dogrulanmali.
(Response body'de dnen Updated Course Faq ID ile /api/coursefaq/{id} endpoint'ine GET request gnderilerek kaydn gncellendii dorulanabilir.)""","High","Course FAQ","Story"
"US_020: Bir ynetici olarak API baglantisi zerinden belirtilen id numarasna sahip course faq bilgilerini silebilmek istiyorum.","**Role:** Course FAQ
**Acceptance Criteria:**
- ""/api/deleteCoursefaq/{id} endpoint'ine gecerli authorization bilgileri ve dogru (id) iceren bir DELETE request gnderildiginde dnen status code'in 200, response body'deki remark bilgisinin """"success"""" ve Message bilgisinin de """"Successfully Deleted."""" oldugu dogrulanmali.""
- ""/api/deleteCoursefaq/{id} endpoint'ine gecerli authorization bilgileri ve kayd olmayan bir (id) iceren bir DELETE request gnderildiginde dnen status code'in 203, response body'deki remark bilgisinin """"failed"""" ve message bilgisinin de """"There is not course faq for this id."""" oldugu, (id) icermeyen bir DELETE request gnderildiginde de dnen status code'in 203, response body'deki remark bilgisinin """"failed"""" ve message bilgisinin de """"No id"""" oldugu dogrulanmali.""
- ""/api/deleteCoursefaq/{id} endpoint'ine gecersiz (invalid token) authorization bilgileri ile dogru (id) iceren bir DELETE request gnderildiginde dnen status code'in 401 oldugu ve response body'deki message bilgisinin """"Unauthenticated."""" oldugu dogrulanmali""
- /api/deleteCoursefaq/{id} endpoint'inden donen response body icindeki Deleted Course Faq ID bilgisinin /api/deleteCoursefaq/{id} endpoint'inde yazan id path parametresi ile ayni oldugu dogrulanmali.
- ""API uzerinden silinmek istenen course faq kaydinin silindigi, API uzerinden dogrulanmali.
(Response body'de dnen Deleted Course Faq ID ile /api/coursefaq/{id} endpoint'ine GET request gnderilerek kaydn silindii dorulanabilir.)""","High","Course FAQ","Story"
"US_021: Bir ynetici olarak API balants zerinden products'e eriebilmek istiyorum.","**Role:** Product
**Acceptance Criteria:**
- ""/api/products endpoint'ine gecerli authorization bilgileri ile bir GET request gnderildiginde dnen status code'in 200 ve response body'deki remark bilgisinin """"success"""" oldugu dogrulanmali.""
- id(x) olaninin response body'de donen bilgileri (creator_id, type, slug, category_id, price, point, unlimited_inventory, ordering, inventory, id, product_id, locale, title, seo_description, summary, description) dorulanmal.
- ""/api/products endpoint'ine gecersiz (invalid token) authorization bilgileri ile bir GET request gnderildiginde dnen status code'in 401 ve response body'deki message bilgisinin """"Unauthenticated."""" oldugu dogrulanmali.""","Medium","Product","Story"
"US_022: Bir ynetici olarak API baglantisi zerinden belirtilen id numarasna sahip product'in detayl bilgilerine erisebilmeliyim.","**Role:** Product
**Acceptance Criteria:**
- ""/api/product/{id} endpoint'ine gecerli authorization bilgileri ve dogru data (id) iceren bir GET request gnderildiginde dnen status code'in 200 ve response body'deki remark bilgisinin """"success"""" oldugu dogrulanmali.""
- Response body icindeki list datalarnn (id, creator_id, type, slug, category_id, price, point, unlimited_inventory, ordering, inventory, id, product_id, locale, title, seo_description, summary, description) ierikleri dorulanmali.
- ""/api/product/{id} endpoint'ine gecerli authorization bilgileri ve kayd olmayan bir (id) iceren bir GET request gnderildiginde dnen status code'in 203, response body'deki remark bilgisinin """"failed"""" ve message bilgisinin de """"There is not product for this id."""" oldugu, (id) icermeyen bir GET request gnderildiginde de dnen status code'un 203, response body'deki remark bilgisinin """"failed"""" ve message bilgisinin de """"No id"""" oldugu dogrulanmali.""
- ""/api/product/{id} endpoint'ine gecersiz (invalid token) authorization bilgileri ve dogru data (id) iceren bir GET request gnderildiginde dnen status code'in 401 ve response body'deki message bilgisinin """"Unauthenticated."""" oldugu dogrulanmali.""","Low","Product","Story"
"US_023: Bir ynetici olarak API balants zerinden yeni bir product kayd olusturabilmek istiyorum.","**Role:** Product
**Acceptance Criteria:**
- ""/api/addProduct endpoint'ine gecerli authorization bilgileri ve dogru datalar (type, price, category_id, title, summary, description) iceren bir POST body gnderildiginde dnen status code'in 200, response body'deki remark bilgisinin """"success"""" ve Message bilgisinin de """"Successfully Added."""" oldugu dogrulanmali.""
- ""/api/addProduct endpoint'ine gecerli authorization bilgileri ve data icermeyen bir POST request gnderildiginde dnen status code'in 422 oldugu ve response body'deki message bilgisinin """"The type field is required. (and 3 more errors)"""" oldugu dogrulanmali""
- ""/api/addProduct endpoint'ine gecersiz (invalid token) authorization bilgileri ile dogru datalar (type, price, category_id, title, summary, description) iceren bir POST body gnderildiginde dnen status code'in 401 oldugu ve response body'deki message bilgisinin """"Unauthenticated."""" oldugu dogrulanmali""
- ""API uzerinden olusturulmak istenen yeni product kaydinin olustugu API uzerinden dogrulanmali. 
(Response bodyde dnen Added Product ID ile /api/product/{id} endpoint'ine GET request gnderilerek kayt oluturulduu dorulanabilir.)""","High","Product","Story"
"US_024: Bir ynetici olarak API baglantisi zerinden belirtilen id numarasna sahip product'in bilgilerini gncelleyebilmek istiyorum.","**Role:** Product
**Acceptance Criteria:**
- ""/api/updateProduct/{id} endpoint'ine gecerli authorization bilgileri ile dogru (id) ve dogru datalar (type, price, category_id, title, summary, description) iceren bir PATCH body gnderildiginde dnen status code'in 200, response body'deki remark bilgisinin """"success"""" ve Message bilgisinin de """"Successfully Updated."""" oldugu dogrulanmali.""
- ""/api/updateProduct/{id} endpoint'ine gecerli authorization bilgileri ile dogru (id) ve data icermeyen bir PATCH request gnderildiginde dnen status code'in 203, response body'deki remark bilgisinin """"failed"""" ve message bilgisinin de """"There is no information to update."""" oldugu dogrulanmali.""
- ""/api/updateProduct/{id} endpoint'ine gecerli authorization bilgileri ile kayd olmayan bir (id) ve dogru datalar (type, price, category_id, title, summary, description) iceren bir PATCH body gnderildiginde dnen status code'in 203, response body'deki remark bilgisinin """"failed"""" ve message bilgisinin de """"There is not product for this id."""" oldugu, (id) icermeyen ve dogru datalar (type, price, category_id, title, summary, description) iceren bir PATCH body gnderildiginde de dnen status code'in 203, response body'deki remark bilgisinin """"failed"""" ve message bilgisinin de """"No id"""" oldugu dogrulanmali.""
- ""/api/updateProduct/{id} endpoint'ine gecersiz (invalid token) authorization bilgileri ile dogru (id) ve dogru datalar (type, price, category_id, title, summary, description) iceren bir PATCH body gnderildiginde dnen status code'in 401 oldugu ve response body'deki message bilgisinin """"Unauthenticated."""" oldugu dogrulanmali""
- /api/updateProduct/{id} endpoint'inden donen response body icindeki Updated Product ID bilgisinin /api/updateProduct/{id} endpoint'inde yazan id path parametresi ile ayni oldugu dogrulanmali.
- ""API uzerinden gncellenmek istenen product kaydinin gncellendigi, API uzerinden dogrulanmali.
(Response body'de dnen Updated Product ID ile /api/product/{id} endpoint'ine GET request gnderilerek kaydn gncellendii dorulanabilir.)""","High","Product","Story"
"US_025: Bir ynetici olarak API baglantisi zerinden belirtilen id numarasna sahip product bilgilerini silebilmek istiyorum.","**Role:** Product
**Acceptance Criteria:**
- ""/api/deleteProduct/{id} endpoint'ine gecerli authorization bilgileri ve dogru (id) iceren bir DELETE request gnderildiginde dnen status code'in 200, response body'deki remark bilgisinin """"success"""" ve Message bilgisinin de """"Successfully Deleted."""" oldugu dogrulanmali.""
- ""/api/deleteProduct/{id} endpoint'ine gecerli authorization bilgileri ve kayd olmayan bir (id) iceren bir DELETE request gnderildiginde dnen status code'in 203, response body'deki remark bilgisinin """"failed"""" ve message bilgisinin de """"There is not product for this id."""" oldugu, (id) icermeyen bir DELETE request gnderildiginde de dnen status code'in 203, response body'deki remark bilgisinin """"failed"""" ve message bilgisinin de """"No id"""" oldugu dogrulanmali.""
- ""/api/deleteProduct/{id} endpoint'ine gecersiz (invalid token) authorization bilgileri ile dogru (id) iceren bir DELETE request gnderildiginde dnen status code'in 401 oldugu ve response body'deki message bilgisinin """"Unauthenticated."""" oldugu dogrulanmali""
- /api/deleteProduct/{id} endpoint'inden donen response body icindeki Deleted Product Id bilgisinin /api/deleteProduct/{id} endpoint'inde yazan id path parametresi ile ayni oldugu dogrulanmali.
- ""API uzerinden silinmek istenen product kaydinin silindigi, API uzerinden dogrulanmali.
(Response body'de dnen Deleted Product Id ile /api/product/{id} endpoint'ine GET request gnderilerek kaydn silindii dorulanabilir.)""","High","Product","Story"
"US_026: Bir ynetici olarak API balants zerinden product categories'e eriebilmek istiyorum.","**Role:** Product Categories
**Acceptance Criteria:**
- ""/api/productCategories endpoint'ine gecerli authorization bilgileri ile bir GET request gnderildiginde dnen status code'in 200 ve response body'deki remark bilgisinin """"success"""" oldugu dogrulanmali.""
- id(x) olaninin response body'de donen bilgileri (parent_id, icon, order, title, id, product_category_id, locale, title) dorulanmal.
- ""/api/productCategories endpoint'ine gecersiz (invalid token) authorization bilgileri ile bir GET request gnderildiginde dnen status code'in 401 ve response body'deki message bilgisinin """"Unauthenticated."""" oldugu dogrulanmali.""","Medium","Product Categories","Story"
"US_027: Bir ynetici olarak API baglantisi zerinden belirtilen id numarasna sahip product category'in detayl bilgilerine erisebilmeliyim.","**Role:** Product Categories
**Acceptance Criteria:**
- ""/api/productCategory/{id} endpoint'ine gecerli authorization bilgileri ve dogru data (id) iceren bir GET request gnderildiginde dnen status code'in 200 ve response body'deki remark bilgisinin """"success"""" oldugu dogrulanmali.""
- Response body icindeki list datalarnn (id, parent_id, icon, order, title, id, product_category_id, locale, title) ierikleri dorulanmali.
- ""/api/productCategory/{id} endpoint'ine gecerli authorization bilgileri ve kayd olmayan bir (id) iceren bir GET request gnderildiginde dnen status code'in 203, response body'deki remark bilgisinin """"failed"""" ve message bilgisinin de """"There is not product category for this id."""" oldugu, (id) icermeyen bir GET request gnderildiginde de dnen status code'un 203, response body'deki remark bilgisinin """"failed"""" ve message bilgisinin de """"No id"""" oldugu dogrulanmali.""
- ""/api/productCategory/{id} endpoint'ine gecersiz (invalid token) authorization bilgileri ve dogru data (id) iceren bir GET request gnderildiginde dnen status code'in 401 ve response body'deki message bilgisinin """"Unauthenticated."""" oldugu dogrulanmali.""","Low","Product Categories","Story"
"US_028: Bir ynetici olarak API balants zerinden yeni bir product category kayd olusturabilmek istiyorum.","**Role:** Product Categories
**Acceptance Criteria:**
- ""/api/addProductCategory endpoint'ine gecerli authorization bilgileri ve dogru data (title) iceren bir POST body gnderildiginde dnen status code'in 200, response body'deki remark bilgisinin """"success"""" ve Message bilgisinin de """"Successfully Added."""" oldugu dogrulanmali.""
- ""/api/addProductCategory endpoint'ine gecerli authorization bilgileri ve data icermeyen bir POST request gnderildiginde dnen status code'in 422 oldugu ve response body'deki message bilgisinin """"The title field is required."""" oldugu dogrulanmali""
- ""/api/addProductCategory endpoint'ine gecersiz (invalid token) authorization bilgileri ile dogru data (title) iceren bir POST body gnderildiginde dnen status code'in 401 oldugu ve response body'deki message bilgisinin """"Unauthenticated."""" oldugu dogrulanmali""
- ""API uzerinden olusturulmak istenen yeni product category kaydinin olustugu API uzerinden dogrulanmali. 
(Response bodyde dnen Added Category ID ile /api/productCategory/{id} endpoint'ine GET request gnderilerek kayt oluturulduu dorulanabilir.)""","High","Product Categories","Story"
"US_029: Bir ynetici olarak API baglantisi zerinden belirtilen id numarasna sahip product category'in bilgilerini gncelleyebilmek istiyorum.","**Role:** Product Categories
**Acceptance Criteria:**
- ""/api/updateProductCategory/{id} endpoint'ine gecerli authorization bilgileri ile dogru (id) ve dogru data (title) iceren bir PATCH body gnderildiginde dnen status code'in 200, response body'deki remark bilgisinin """"success"""" ve Message bilgisinin de """"Successfully Updated."""" oldugu dogrulanmali.""
- ""/api/updateProductCategory/{id} endpoint'ine gecerli authorization bilgileri ile dogru (id) ve data icermeyen bir PATCH request gnderildiginde dnen status code'in 203 ve response body'deki remark bilgisinin """"failed"""" ve mesaj bilgisinin de """"There is no information to update."""" oldugu dogrulanmali.""
- ""/api/updateProductCategory/{id} endpoint'ine gecerli authorization bilgileri ile kayd olmayan bir (id) ve dogru data (title) iceren bir PATCH body gnderildiginde dnen status code'in 203, response body'deki remark bilgisinin """"failed"""" ve message bilgisinin de """"There is not product category for this id."""" oldugu, (id) icermeyen ve dogru data (title) iceren bir PATCH body gnderildiginde de dnen status code'in 203, response body'deki remark bilgisinin """"failed"""" ve message bilgisinin de """"No id"""" oldugu dogrulanmali.""
- ""/api/updateProductCategory/{id} endpoint'ine gecersiz (invalid token) authorization bilgileri ile dogru (id) ve dogru data (title) iceren bir PATCH body gnderildiginde dnen status code'in 401 oldugu ve response body'deki message bilgisinin """"Unauthenticated."""" oldugu dogrulanmali""
- /api/updateProductCategory/{id} endpoint'inden donen response body icindeki Updated Category Id bilgisinin /api/updateProductCategory/{id} endpoint'inde yazan id path parametresi ile ayni oldugu dogrulanmali.
- ""API uzerinden gncellenmek istenen product category kaydinin gncellendigi, API uzerinden dogrulanmali.
(Response body'de dnen Updated Category Id ile /api/productCategory/{id} endpoint'ine GET request gnderilerek kaydn gncellendii dorulanabilir.)""","High","Product Categories","Story"
"US_030: Bir ynetici olarak API baglantisi zerinden belirtilen id numarasna sahip product category bilgilerini silebilmek istiyorum.","**Role:** Product Categories
**Acceptance Criteria:**
- ""/api/deleteProductCategory/{id} endpoint'ine gecerli authorization bilgileri ve dogru (id) iceren bir DELETE request gnderildiginde dnen status code'in 200, response body'deki remark bilgisinin """"success"""" ve Message bilgisinin de """"Successfully Deleted."""" oldugu dogrulanmali.""
- ""/api/deleteProductCategory/{id} endpoint'ine gecerli authorization bilgileri ve kayd olmayan bir (id) iceren bir DELETE request gnderildiginde dnen status code'in 203, response body'deki remark bilgisinin """"failed"""" ve message bilgisinin de """"There is not product category for this id."""" oldugu, (id) icermeyen bir DELETE request gnderildiginde de dnen status code'in 203, response body'deki remark bilgisinin """"failed"""" ve message bilgisinin de """"No id"""" oldugu dogrulanmali.""
- ""/api/deleteProductCategory/{id} endpoint'ine gecersiz (invalid token) authorization bilgileri ile dogru (id) iceren bir DELETE request gnderildiginde dnen status code'in 401 oldugu ve response body'deki message bilgisinin """"Unauthenticated."""" oldugu dogrulanmali""
- /api/deleteProductCategory/{id} endpoint'inden donen response body icindeki Deleted Product Category Id bilgisinin /api/deleteProductCategory/{id} endpoint'inde yazan id path parametresi ile ayni oldugu dogrulanmali.
- ""API uzerinden silinmek istenen product category kaydinin silindigi, API uzerinden dogrulanmali.
(Response body'de dnen Deleted Product Category Id ile /api/productCategory/{id} endpoint'ine GET request gnderilerek kaydn silindii dorulanabilir.)""","High","Product Categories","Story"
"US_031: Bir ynetici olarak API balants zerinden product faqs'e eriebilmek istiyorum.","**Role:** Product FAQ
**Acceptance Criteria:**
- ""/api/productfaqs endpoint'ine gecerli authorization bilgileri ile bir GET request gnderildiginde dnen status code'in 200 ve response body'deki remark bilgisinin """"success"""" oldugu dogrulanmali.""
- id(x) olaninin response body'de donen bilgileri (creator_id, product_id, order, created_at, title, answer, id, product_faq_id, locale, title, answer) dorulanmal.
- ""/api/productfaqs endpoint'ine gecersiz (invalid token) authorization bilgileri ile bir GET request gnderildiginde dnen status code'in 401 ve response body'deki message bilgisinin """"Unauthenticated."""" oldugu dogrulanmali.""","Medium","Product FAQ","Story"
"US_032: Bir ynetici olarak API baglantisi zerinden belirtilen id numarasna sahip product faq'in detayl bilgilerine erisebilmeliyim.","**Role:** Product FAQ
**Acceptance Criteria:**
- ""/api/productfaq/{id} endpoint'ine gecerli authorization bilgileri ve dogru data (id) iceren bir GET request gnderildiginde dnen status code'in 200 ve response body'deki remark bilgisinin """"success"""" oldugu dogrulanmali.""
- Response body icindeki list datalarnn (id, creator_id, product_id, order, created_at, title, answer, id, product_faq_id, locale, title, answer) ierikleri dorulanmali.
- ""/api/productfaq/{id} endpoint'ine gecerli authorization bilgileri ve kayd olmayan bir (id) iceren bir GET request gnderildiginde dnen status code'in 203, response body'deki remark bilgisinin """"failed"""" ve message bilgisinin de """"There is not product faq for this id."""" oldugu, (id) icermeyen bir GET request gnderildiginde de dnen status code'un 203, response body'deki remark bilgisinin """"failed"""" ve message bilgisinin de """"No id"""" oldugu dogrulanmali.""
- ""/api/productfaq/{id} endpoint'ine gecersiz (invalid token) authorization bilgileri ve dogru data (id) iceren bir GET request gnderildiginde dnen status code'in 401 ve response body'deki message bilgisinin """"Unauthenticated."""" oldugu dogrulanmali.""","Low","Product FAQ","Story"
"US_033: Bir ynetici olarak API balants zerinden yeni bir product faq kayd olusturabilmek istiyorum.","**Role:** Product FAQ
**Acceptance Criteria:**
- ""/api/addProductfaq endpoint'ine gecerli authorization bilgileri ve dogru datalar (title, answer, product_id) iceren bir POST body gnderildiginde dnen status code'in 200, response body'deki remark bilgisinin """"success"""" ve Message bilgisinin de """"Successfully Added."""" oldugu dogrulanmali.""
- ""/api/addProductfaq endpoint'ine gecerli authorization bilgileri ve data icermeyen bir POST request gnderildiginde dnen status code'in 422 oldugu ve response body'deki message bilgisinin """"The product id field is required. (and 2 more errors)"""" oldugu dogrulanmali""
- ""/api/addProductfaq endpoint'ine gecersiz (invalid token) authorization bilgileri ile dogru datalar (title, answer, product_id) iceren bir POST body gnderildiginde dnen status code'in 401 oldugu ve response body'deki message bilgisinin """"Unauthenticated."""" oldugu dogrulanmali""
- ""API uzerinden olusturulmak istenen yeni product faq kaydinin olustugu API uzerinden dogrulanmali. 
(Response bodyde dnen Added Product Faq ID ile /api/productfaq/{id} endpoint'ine GET request gnderilerek kayt oluturulduu dorulanabilir.)""","High","Product FAQ","Story"
"US_034: Bir ynetici olarak API baglantisi zerinden belirtilen id numarasna sahip product faq'in bilgilerini gncelleyebilmek istiyorum.","**Role:** Product FAQ
**Acceptance Criteria:**
- ""/api/updateProductfaq/{id} endpoint'ine gecerli authorization bilgileri ile dogru (id) ve dogru datalar (title, answer, product_id) iceren bir PATCH body gnderildiginde dnen status code'in 200, response body'deki remark bilgisinin """"success"""" ve Message bilgisinin de """"Successfully Updated."""" oldugu dogrulanmali.""
- ""/api/updateProductfaq/{id} endpoint'ine gecerli authorization bilgileri ile dogru (id) ve data icermeyen bir PATCH request gnderildiginde dnen status code'in 203, response body'deki remark bilgisinin """"failed"""" ve message bilgisinin de """"There is no information to update."""" oldugu dogrulanmali.""
- ""/api/updateProductfaq/{id} endpoint'ine gecerli authorization bilgileri ile kayd olmayan bir (id) ve dogru datalar (title, answer, product_id) iceren bir PATCH body gnderildiginde dnen status code'in 203, response body'deki remark bilgisinin """"failed"""" ve message bilgisinin de """"There is not product faq for this id."""" oldugu, (id) icermeyen ve dogru datalar (title, answer, product_id) iceren bir PATCH body gnderildiginde de  dnen status code'in 203, response body'deki remark bilgisinin """"failed"""" ve message bilgisinin de """"No id"""" oldugu dogrulanmali.""
- ""/api/updateProductfaq/{id} endpoint'ine gecersiz (invalid token) authorization bilgileri ile dogru (id) ve dogru datalar (title, answer, product_id) iceren bir PATCH body gnderildiginde dnen status code'in 401 oldugu ve response body'deki message bilgisinin """"Unauthenticated."""" oldugu dogrulanmali""
- /api/updateProductfaq/{id} endpoint'inden donen response body icindeki updated Product Faq ID bilgisinin /api/updateProductfaq/{id} endpoint'inde yazan id path parametresi ile ayni oldugu dogrulanmali.
- ""API uzerinden gncellenmek istenen product faq kaydinin gncellendigi, API uzerinden dogrulanmali.
(Response body'de dnen updated Product Faq ID ile /api/productfaq/{id} endpoint'ine GET request gnderilerek kaydn gncellendii dorulanabilir.)""","High","Product FAQ","Story"
"US_035: Bir ynetici olarak API baglantisi zerinden belirtilen id numarasna sahip product faq bilgilerini silebilmek istiyorum.","**Role:** Product FAQ
**Acceptance Criteria:**
- ""/api/deleteProductfaq/{id} endpoint'ine gecerli authorization bilgileri ve dogru (id) iceren bir DELETE request gnderildiginde dnen status code'in 200, response body'deki remark bilgisinin """"success"""" ve Message bilgisinin de """"Successfully Deleted."""" oldugu dogrulanmali.""
- ""/api/deleteProductfaq/{id} endpoint'ine gecerli authorization bilgileri ve kayd olmayan bir (id) iceren bir DELETE request gnderildiginde dnen status code'in 203, response body'deki remark bilgisinin """"failed"""" ve message bilgisinin de """"There is not product faq for this id."""" oldugu, (id) icermeyen bir DELETE request gnderildiginde de dnen status code'in 203, response body'deki remark bilgisinin """"failed"""" ve message bilgisinin de """"No id"""" oldugu dogrulanmali.""
- ""/api/deleteProductfaq/{id} endpoint'ine gecersiz (invalid token) authorization bilgileri ile dogru (id) iceren bir DELETE request gnderildiginde dnen status code'in 401 oldugu ve response body'deki message bilgisinin """"Unauthenticated."""" oldugu dogrulanmali""
- /api/deleteProductfaq/{id} endpoint'inden donen response body icindeki Deleted Product Faq ID bilgisinin /api/deleteProductfaq/{id} endpoint'inde yazan id path parametresi ile ayni oldugu dogrulanmali.
- ""API uzerinden silinmek istenen product faq kaydinin silindigi, API uzerinden dogrulanmali.
(Response body'de dnen Deleted Product Faq ID ile /api/productfaq/{id} endpoint'ine GET request gnderilerek kaydn silindii dorulanabilir.)""","High","Product FAQ","Story"
"US_036: Bir ynetici olarak API balants zerinden blogs'a eriebilmek istiyorum.","**Role:** Blogs
**Acceptance Criteria:**
- ""/api/blogs endpoint'ine gecerli authorization bilgileri ile bir GET request gnderildiginde dnen status code'in 200 ve response body'deki remark bilgisinin """"success"""" oldugu dogrulanmali.""
- id(x) olaninin response body'de donen bilgileri (category_id, author_id, slug, image, visit_count, enable_comment, status, created_at, updated_at, comments_count) dorulanmal.
- ""/api/blogs endpoint'ine gecersiz (invalid token) authorization bilgileri ile bir GET request gnderildiginde dnen status code'in 401 ve response body'deki message bilgisinin """"Unauthenticated."""" oldugu dogrulanmali.""","Medium","Blogs","Story"
"US_037: Bir ynetici olarak API baglantisi zerinden belirtilen id numarasna sahip blog'un detayl bilgilerine erisebilmeliyim.","**Role:** Blogs
**Acceptance Criteria:**
- ""/api/blog/{id} endpoint'ine gecerli authorization bilgileri ve dogru data (id) iceren bir GET request gnderildiginde dnen status code'in 200 ve response body'deki remark bilgisinin """"success"""" oldugu dogrulanmali.""
- Response body icindeki list datalarnn (id, category_id, author_id, slug, image, visit_count, enable_comment, status, created_at, updated_at, id, blog_id, locale, title) ierikleri dorulanmali.
- ""/api/blog/{id} endpoint'ine gecerli authorization bilgileri ve kayd olmayan bir (id) iceren bir GET request gnderildiginde dnen status code'in 203, response body'deki remark bilgisinin """"failed"""" ve message bilgisinin de """"There is not blog for this id."""" oldugu, (id) icermeyen bir GET request gnderildiginde de dnen status code'un 203, response body'deki remark bilgisinin """"failed"""" ve message bilgisinin de """"No id"""" oldugu dogrulanmali.""
- ""/api/blog/{id} endpoint'ine gecersiz (invalid token) authorization bilgileri ve dogru data (id) iceren bir GET request gnderildiginde dnen status code'in 401 ve response body'deki message bilgisinin """"Unauthenticated."""" oldugu dogrulanmali.""","Low","Blogs","Story"
"US_038: Bir ynetici olarak API balants zerinden yeni bir blog kayd olusturabilmek istiyorum.","**Role:** Blogs
**Acceptance Criteria:**
- ""/api/addBlog endpoint'ine gecerli authorization bilgileri ve dogru datalar (title, category_id, description, content) iceren bir POST body gnderildiginde dnen status code'in 200, response body'deki remark bilgisinin """"success"""" ve Message bilgisinin de """"Successfully Added."""" oldugu dogrulanmali.""
- ""/api/addBlog endpoint'ine gecerli authorization bilgileri ve data icermeyen bir POST request gnderildiginde dnen status code'in 422 oldugu ve response body'deki message bilgisinin """"The title field is required. (and 3 more errors)"""" oldugu dogrulanmali""
- ""/api/addBlog endpoint'ine gecersiz (invalid token) authorization bilgileri ile dogru datalar (title, category_id, description, content) iceren bir POST body gnderildiginde dnen status code'in 401 oldugu ve response body'deki message bilgisinin """"Unauthenticated."""" oldugu dogrulanmali""
- ""API uzerinden olusturulmak istenen yeni blog kaydinin olustugu API uzerinden dogrulanmali. 
(Response bodyde dnen Added Blog ID ile /api/blog/{id} endpoint'ine GET request gnderilerek kayt oluturulduu dorulanabilir.)""","High","Blogs","Story"
"US_039: Bir ynetici olarak API baglantisi zerinden belirtilen id numarasna sahip blog'un bilgilerini gncelleyebilmek istiyorum.","**Role:** Blogs
**Acceptance Criteria:**
- ""/api/updateBlog/{id} endpoint'ine gecerli authorization bilgileri ile dogru (id) ve dogru datalar (title, category_id, description, content) iceren bir PATCH body gnderildiginde dnen status code'in 200, response body'deki remark bilgisinin """"success"""" ve Message bilgisinin de """"Successfully Updated."""" oldugu dogrulanmali.""
- ""/api/updateBlog/{id} endpoint'ine gecerli authorization bilgileri ile dogru (id) ve data icermeyen bir PATCH request gnderildiginde dnen status code'in 203, response body'deki remark bilgisinin """"failed"""" ve message bilgisinin de """"There is no information to update."""" oldugu dogrulanmali.""
- ""/api/updateBlog/{id} endpoint'ine gecerli authorization bilgileri ile kayd olmayan bir (id) ve dogru datalar (title, category_id, description, content) iceren bir PATCH body gnderildiginde dnen status code'in 203, response body'deki remark bilgisinin """"failed"""" ve message bilgisinin de """"There is not blog for this id."""" oldugu, (id) icermeyen ve dogru datalar (title, category_id, description, content) iceren bir PATCH body gnderildiginde de dnen status code'in 203, response body'deki remark bilgisinin """"failed"""" ve message bilgisinin de """"No id"""" oldugu dogrulanmali.""
- ""/api/updateBlog/{id} endpoint'ine gecersiz (invalid token) authorization bilgileri ile dogru (id) ve dogru datalar (title, category_id, description, content) iceren bir PATCH body gnderildiginde dnen status code'in 401 oldugu ve response body'deki message bilgisinin """"Unauthenticated."""" oldugu dogrulanmali""
- /api/updateBlog/{id} endpoint'inden donen response body icindeki Updated Blog Id bilgisinin /api/updateBlog/{id} endpoint'inde yazan id path parametresi ile ayni oldugu dogrulanmali.
- ""API uzerinden gncellenmek istenen blog kaydinin gncellendigi, API uzerinden dogrulanmali.
(Response body'de dnen Updated Blog Id ile /api/blog/{id} endpoint'ine GET request gnderilerek kaydn gncellendii dorulanabilir.)""","High","Blogs","Story"
"US_040: Bir ynetici olarak API baglantisi zerinden belirtilen id numarasna sahip blog bilgilerini silebilmek istiyorum.","**Role:** Blogs
**Acceptance Criteria:**
- ""/api/deleteBlog/{id} endpoint'ine gecerli authorization bilgileri ve dogru (id) iceren bir DELETE request gnderildiginde dnen status code'in 200, response body'deki remark bilgisinin """"success"""" ve Message bilgisinin de """"Successfully Deleted."""" oldugu dogrulanmali.""
- ""/api/deleteBlog/{id} endpoint'ine gecerli authorization bilgileri ve kayd olmayan bir (id) iceren bir DELETE request gnderildiginde dnen status code'in 203, response body'deki remark bilgisinin """"failed"""" ve message bilgisinin de """"There is not blog for this id."""" oldugu, (id) icermeyen bir DELETE request gnderildiginde de dnen status code'in 203, response body'deki remark bilgisinin """"failed"""" ve message bilgisinin de """"No id"""" oldugu dogrulanmali.""
- ""/api/deleteBlog/{id} endpoint'ine gecersiz (invalid token) authorization bilgileri ile dogru (id) iceren bir DELETE request gnderildiginde dnen status code'in 401 oldugu ve response body'deki message bilgisinin """"Unauthenticated."""" oldugu dogrulanmali""
- /api/deleteBlog/{id} endpoint'inden donen response body icindeki Deleted Blog Id bilgisinin /api/deleteBlog/{id} endpoint'inde yazan id path parametresi ile ayni oldugu dogrulanmali.
- ""API uzerinden silinmek istenen blog kaydinin silindigi, API uzerinden dogrulanmali.
(Response body'de dnen Deleted Blog Id ile /api/blog/{id} endpoint'ine GET request gnderilerek kaydn silindii dorulanabilir.)""","High","Blogs","Story"
"US_041: Bir ynetici olarak API balants zerinden blog categories'e eriebilmek istiyorum.","**Role:** ""Blogs Categories""
**Acceptance Criteria:**
- ""/api/blogCategories endpoint'ine gecerli authorization bilgileri ile bir GET request gnderildiginde dnen status code'in 200 ve response body'deki remark bilgisinin """"success"""" oldugu dogrulanmali.""
- id(x) olaninin response body'de donen bilgileri (title, slug, blog_count) dorulanmal.
- ""/api/blogCategories endpoint'ine gecersiz (invalid token) authorization bilgileri ile bir GET request gnderildiginde dnen status code'in 401 ve response body'deki message bilgisinin """"Unauthenticated."""" oldugu dogrulanmali.""","Medium","""Blogs Categories""","Story"
"US_042: Bir ynetici olarak API baglantisi zerinden belirtilen id numarasna sahip blog category'nin detayl bilgilerine erisebilmeliyim.","**Role:** ""Blogs Categories""
**Acceptance Criteria:**
- ""/api/blogCategory/{id} endpoint'ine gecerli authorization bilgileri ve dogru data (id) iceren bir GET request gnderildiginde dnen status code'in 200 ve response body'deki remark bilgisinin """"success"""" oldugu dogrulanmali.""
- Response body icindeki list datalarnn (id, title, slug) ierikleri dorulanmali.
- ""/api/blogCategory/{id} endpoint'ine gecerli authorization bilgileri ve kayd olmayan bir (id) iceren bir GET request gnderildiginde dnen status code'in 203, response body'deki remark bilgisinin """"failed"""" ve message bilgisinin de """"There is not category for this id."""" oldugu, (id) icermeyen bir GET request gnderildiginde de dnen status code'un 203, response body'deki remark bilgisinin """"failed"""" ve message bilgisinin de """"No id"""" oldugu dogrulanmali.""
- ""/api/blogCategory/{id} endpoint'ine gecersiz (invalid token) authorization bilgileri ve dogru data (id) iceren bir GET request gnderildiginde dnen status code'in 401 ve response body'deki message bilgisinin """"Unauthenticated."""" oldugu dogrulanmali.""","Low","""Blogs Categories""","Story"
"US_043: Bir ynetici olarak API balants zerinden yeni bir blog category kayd olusturabilmek istiyorum.","**Role:** ""Blogs Categories""
**Acceptance Criteria:**
- ""/api/addBlogCategory endpoint'ine gecerli authorization bilgileri ve dogru data (title) iceren bir POST body gnderildiginde dnen status code'in 200, response body'deki remark bilgisinin """"success"""" ve Message bilgisinin de """"Successfully Added."""" oldugu dogrulanmali.""
- ""/api/addBlogCategory endpoint'ine gecerli authorization bilgileri ve data icermeyen bir POST request gnderildiginde dnen status code'in 422 oldugu ve response body'deki message bilgisinin """"The title field is required."""" oldugu, daha nce kullanlm title (title) iceren bir POST body gnderildiginde de dnen status code'in 422, olduu ve message bilgisinin de """"The title has already been taken."""" oldugu dogrulanmali.""
- ""/api/addBlogCategory endpoint'ine gecersiz (invalid token) authorization bilgileri ile dogru data (title) iceren bir POST body gnderildiginde dnen status code'in 401 oldugu ve response body'deki message bilgisinin """"Unauthenticated."""" oldugu dogrulanmali""
- ""API uzerinden olusturulmak istenen yeni blog category kaydinin olustugu API uzerinden dogrulanmali. 
(Response bodyde dnen Added Blog Category ID ile /api/blogCategory/{id} endpoint'ine GET request gnderilerek kayt oluturulduu dorulanabilir.)""","High","""Blogs Categories""","Story"
"US_044: Bir ynetici olarak API baglantisi zerinden belirtilen id numarasna sahip blog category'in bilgilerini gncelleyebilmek istiyorum.","**Role:** ""Blogs Categories""
**Acceptance Criteria:**
- ""/api/updateBlogCategory/{id} endpoint'ine gecerli authorization bilgileri ile dogru (id) ve dogru data (title) iceren bir PATCH body gnderildiginde dnen status code'in 200, response body'deki remark bilgisinin """"success"""" ve Message bilgisinin de """"Successfully Updated."""" oldugu dogrulanmali.""
- ""/api/updateBlogCategory/{id} endpoint'ine gecerli authorization bilgileri ile dogru (id) ve data icermeyen bir PATCH request gnderildiginde dnen status code'in 203, response body'deki remark bilgisinin """"failed"""" ve message bilgisinin de """"There is no information to update."""" oldugu dogrulanmali.""
- ""/api/updateBlogCategory/{id} endpoint'ine gecerli authorization bilgileri ile kayd olmayan bir (id) ve dogru data (title) iceren bir PATCH body gnderildiginde dnen status code'in 203, response body'deki remark bilgisinin """"failed"""" ve message bilgisinin de """"There is not category for this id."""" oldugu, (id) icermeyen ve dogru data (title) iceren bir PATCH body gnderildiginde de dnen status code'in 203, response body'deki remark bilgisinin """"failed"""" ve message bilgisinin de """"No id"""" oldugu dogrulanmali.""
- ""/api/updateBlogCategory/{id} endpoint'ine gecersiz (invalid token) authorization bilgileri ile dogru (id) ve dogru data (title) iceren bir PATCH body gnderildiginde dnen status code'in 401 oldugu ve response body'deki message bilgisinin """"Unauthenticated."""" oldugu dogrulanmali""
- /api/updateBlogCategory/{id} endpoint'inden donen response body icindeki Updated Blog Category ID bilgisinin /api/updateBlogCategory/{id} endpoint'inde yazan id path parametresi ile ayni oldugu dogrulanmali.
- ""API uzerinden gncellenmek istenen blog category kaydinin gncellendigi, API uzerinden dogrulanmali.
(Response body'de dnen Updated Blog Category ID ile /api/blogCategory/{id} endpoint'ine GET request gnderilerek kaydn gncellendii dorulanabilir.)""","High","""Blogs Categories""","Story"
"US_045: Bir ynetici olarak API baglantisi zerinden belirtilen id numarasna sahip blog category bilgilerini silebilmek istiyorum.","**Role:** ""Blogs Categories""
**Acceptance Criteria:**
- ""/api/deleteBlogCategory/{id} endpoint'ine gecerli authorization bilgileri ve dogru (id) iceren bir DELETE request gnderildiginde dnen status code'in 200, response body'deki remark bilgisinin """"success"""" ve Message bilgisinin de """"Successfully Deleted."""" oldugu dogrulanmali.""
- ""/api/deleteBlogCategory/{id} endpoint'ine gecerli authorization bilgileri ve kayd olmayan bir (id) iceren bir DELETE request gnderildiginde dnen status code'in 203, response body'deki remark bilgisinin """"failed"""" ve message bilgisinin de """"There is not category for this id."""" oldugu, (id) icermeyen bir DELETE request gnderildiginde de dnen status code'in 203, response body'deki remark bilgisinin """"failed"""" ve message bilgisinin de """"No id"""" oldugu dogrulanmali.""
- ""/api/deleteBlogCategory/{id} endpoint'ine gecersiz (invalid token) authorization bilgileri ile dogru (id) iceren bir DELETE request gnderildiginde dnen status code'in 401 oldugu ve response body'deki message bilgisinin """"Unauthenticated."""" oldugu dogrulanmali""
- /api/deleteBlogCategory/{id} endpoint'inden donen response body icindeki Deleted Blog Category Id bilgisinin /api/deleteBlogCategory/{id} endpoint'inde yazan id path parametresi ile ayni oldugu dogrulanmali.
- ""API uzerinden silinmek istenen blog category kaydinin silindigi, API uzerinden dogrulanmali.
(Response body'de dnen Deleted Blog Category Id ile /api/blogCategory/{id} endpoint'ine GET request gnderilerek kaydn silindii dorulanabilir.)""","High","""Blogs Categories""","Story"
"US_046: Bir ynetici olarak API balants zerinden coupons'a eriebilmek istiyorum.","**Role:** Coupons
**Acceptance Criteria:**
- ""/api/coupons endpoint'ine gecerli authorization bilgileri ile bir GET request gnderildiginde dnen status code'in 200 ve response body'deki remark bilgisinin """"success"""" oldugu dogrulanmali.""
- id(x) olaninin response body'de donen bilgileri (creator_id, title, discount_type, source, code, percent, amount, max_amount, minimum_order, count, user_type, product_type, for_first_purchase, status, expired_at, created_at) dorulanmal.
- ""/api/coupons endpoint'ine gecersiz (invalid token) authorization bilgileri ile bir GET request gnderildiginde dnen status code'in 401 ve response body'deki message bilgisinin """"Unauthenticated."""" oldugu dogrulanmali.""","Medium","Coupons","Story"
"US_047: Bir ynetici olarak API baglantisi zerinden belirtilen id numarasna sahip coupon'un detayl bilgilerine erisebilmeliyim.","**Role:** Coupons
**Acceptance Criteria:**
- ""/api/coupon/{id} endpoint'ine gecerli authorization bilgileri ve dogru data (id) iceren bir GET request gnderildiginde dnen status code'in 200 ve response body'deki remark bilgisinin """"success"""" oldugu dogrulanmali.""
- Response body icindeki list datalarnn (id, creator_id, title, discount_type, source, code, percent, amount, max_amount, minimum_order, count, user_type, product_type, for_first_purchase, status, expired_at, created_at) ierikleri dorulanmali.
- ""/api/coupon/{id} endpoint'ine gecerli authorization bilgileri ve kayd olmayan bir (id) iceren bir GET request gnderildiginde dnen status code'in 203, response body'deki remark bilgisinin """"failed"""" ve message bilgisinin de """"There is not coupon for this id."""" oldugu, (id) icermeyen bir GET request gnderildiginde de dnen status code'un 203, response body'deki remark bilgisinin """"failed"""" ve message bilgisinin de """"No id"""" oldugu dogrulanmali.""
- ""/api/coupon/{id} endpoint'ine gecersiz (invalid token) authorization bilgileri ve dogru data (id) iceren bir GET request gnderildiginde dnen status code'in 401 ve response body'deki message bilgisinin """"Unauthenticated."""" oldugu dogrulanmali.""","Low","Coupons","Story"
"US_048: Bir ynetici olarak API balants zerinden yeni bir coupon kayd olusturabilmek istiyorum.","**Role:** Coupons
**Acceptance Criteria:**
- ""/api/addCoupon endpoint'ine gecerli authorization bilgileri ve dogru datalar (title, discount_type, source, code, percent, amount, max_amount, minimum_order, count, product_type, for_first_purchase, expired_at) iceren bir POST body gnderildiginde dnen status code'in 200, response body'deki remark bilgisinin """"success"""" ve Message bilgisinin de """"Successfully Added."""" oldugu dogrulanmali.""
- ""/api/addCoupon endpoint'ine gecerli authorization bilgileri ve ayn kod (code) iceren bir POST body (title, discount_type, source, code, percent, amount, max_amount, minimum_order, count, product_type, for_first_purchase, expired_at) gnderildiginde dnen status code'in 422 oldugu ve response body'deki message bilgisinin """"The code has already been taken."""" oldugu, data icermeyen bir POST request gnderildiginde dnen status code'in 422 oldugu ve response body'deki message bilgisinin """"The title field is required. (and 4 more errors)"""" oldugu dogrulanmali""
- ""/api/addCoupon endpoint'ine gecersiz (invalid token) authorization bilgileri ile dogru datalar (title, discount_type, source, code, percent, amount, max_amount, minimum_order, count, product_type, for_first_purchase, expired_at) iceren bir POST body gnderildiginde dnen status code'in 401 oldugu ve response body'deki message bilgisinin """"Unauthenticated."""" oldugu dogrulanmali""
- ""API uzerinden olusturulmak istenen yeni coupon kaydinin olustugu API uzerinden dogrulanmali. 
(Response bodyde dnen Added Coupon IDile /api/coupon/{id} endpoint'ine GET request gnderilerek kayt oluturulduu dorulanabilir.)""","High","Coupons","Story"
"US_049: Bir ynetici olarak API baglantisi zerinden belirtilen id numarasna sahip coupon'un bilgilerini gncelleyebilmek istiyorum.","**Role:** Coupons
**Acceptance Criteria:**
- ""/api/updateCoupon/{id} endpoint'ine gecerli authorization bilgileri ile dogru (id) ve dogru datalar (title, discount_type, source, percent, amount, max_amount, minimum_order, count, product_type, for_first_purchase) iceren bir PATCH body gnderildiginde dnen status code'in 200, response body'deki remark bilgisinin """"success"""" ve Message bilgisinin de """"Successfully Updated."""" oldugu dogrulanmali.""
- ""/api/updateCoupon/{id} endpoint'ine gecerli authorization bilgileri ile dogru (id) ve data icermeyen bir PATCH request gnderildiginde dnen status code'in 203, response body'deki remark bilgisinin """"failed"""" ve message bilgisinin de """"There is no information to update."""" oldugu dogrulanmali.""
- ""/api/updateCoupon/{id} endpoint'ine gecerli authorization bilgileri ile kayd olmayan bir (id) ve dogru datalar (title, discount_type, source, percent, amount, max_amount, minimum_order, count, product_type, for_first_purchase) iceren bir PATCH body gnderildiginde dnen status code'in 203, response body'deki remark bilgisinin """"failed"""" ve message bilgisinin de """"There is not coupon for this id."""" oldugu, (id) icermeyen ve dogru datalar (title, discount_type, source, percent, amount, max_amount, minimum_order, count, product_type, for_first_purchase) iceren bir PATCH body gnderildiginde de dnen status code'in 203, response body'deki remark bilgisinin """"failed"""" ve message bilgisinin de """"No id"""" oldugu dogrulanmali.""
- ""/api/updateCoupon/{id} endpoint'ine gecersiz (invalid token) authorization bilgileri ile dogru (id) ve dogru datalar (title, discount_type, source, percent, amount, max_amount, minimum_order, count, product_type, for_first_purchase) iceren bir PATCH body gnderildiginde dnen status code'in 401 oldugu ve response body'deki message bilgisinin """"Unauthenticated."""" oldugu dogrulanmali""
- /api/updateCoupon/{id} endpoint'inden donen response body icindeki Updated Coupon ID bilgisinin /api/updateCoupon/{id} endpoint'inde yazan id path parametresi ile ayni oldugu dogrulanmali.
- ""API uzerinden gncellenmek istenen coupon kaydinin gncellendigi, API uzerinden dogrulanmali.
(Response body'de dnen Updated Coupon ID ile /api/coupon/{id} endpoint'ine GET request gnderilerek kaydn gncellendii dorulanabilir.)""","High","Coupons","Story"
"US_050: Bir ynetici olarak API baglantisi zerinden belirtilen id numarasna sahip coupon bilgilerini silebilmek istiyorum.","**Role:** Coupons
**Acceptance Criteria:**
- ""/api/deleteCoupon/{id} endpoint'ine gecerli authorization bilgileri ve dogru (id) iceren bir DELETE request gnderildiginde dnen status code'in 200, response body'deki remark bilgisinin """"success"""" ve Message bilgisinin de """"Successfully Deleted."""" oldugu dogrulanmali.""
- ""/api/deleteCoupon/{id} endpoint'ine gecerli authorization bilgileri ve kayd olmayan bir (id) iceren bir DELETE request gnderildiginde dnen status code'in 203, response body'deki remark bilgisinin """"failed"""" ve message bilgisinin de """"There is not coupon for this id."""" oldugu, (id) icermeyen bir DELETE request gnderildiginde de dnen status code'in 203, response body'deki remark bilgisinin """"failed"""" ve message bilgisinin de """"No id"""" oldugu dogrulanmali.""
- ""/api/deleteCoupon/{id} endpoint'ine gecersiz (invalid token) authorization bilgileri ile dogru (id) iceren bir DELETE request gnderildiginde dnen status code'in 401 oldugu ve response body'deki message bilgisinin """"Unauthenticated."""" oldugu dogrulanmali""
- /api/deleteCoupon/{id} endpoint'inden donen response body icindeki Deleted Coupon ID bilgisinin /api/deleteCoupon/{id} endpoint'inde yazan id path parametresi ile ayni oldugu dogrulanmali.
- ""API uzerinden silinmek istenen coupon kaydinin silindigi, API uzerinden dogrulanmali.
(Response body'de dnen Deleted Coupon ID ile /api/coupon/{id} endpoint'ine GET request gnderilerek kaydn silindii dorulanabilir.)""","High","Coupons","Story"
"US_051: Bir ynetici olarak API balants zerinden supports'a eriebilmek istiyorum.","**Role:** Supports
**Acceptance Criteria:**
- ""/api/supports endpoint'ine gecerli authorization bilgileri ile bir GET request gnderildiginde dnen status code'in 200 ve response body'deki remark bilgisinin """"success"""" oldugu dogrulanmali.""
- id(x) olaninin response body'de donen bilgileri (user_id, webinar_id, department_id, title, status, created_at, updated_at, status_order, id, full_name, role_name) dorulanmal.
- ""/api/supports endpoint'ine gecersiz (invalid token) authorization bilgileri ile bir GET request gnderildiginde dnen status code'in 401 ve response body'deki message bilgisinin """"Unauthenticated."""" oldugu dogrulanmali.""","Medium","Supports","Story"
"US_052: Bir ynetici olarak API baglantisi zerinden belirtilen id numarasna sahip support'un detayl bilgilerine erisebilmeliyim.","**Role:** Supports
**Acceptance Criteria:**
- ""/api/support/{id} endpoint'ine gecerli authorization bilgileri ve dogru data (id) iceren bir GET request gnderildiginde dnen status code'in 200 ve response body'deki remark bilgisinin """"success"""" oldugu dogrulanmali.""
- Response body icindeki list datalarnn (id, user_id, webinar_id, department_id, title, status, created_at, updated_at, status_order, id, full_name, role_name) ierikleri dorulanmali.
- ""/api/support/{id} endpoint'ine gecerli authorization bilgileri ve kayd olmayan bir (id) iceren bir GET request gnderildiginde dnen status code'in 203, response body'deki remark bilgisinin """"failed"""" ve message bilgisinin de """"There is not support message for this id"""" oldugu, (id) icermeyen bir GET request gnderildiginde de dnen status code'un 203, response body'deki remark bilgisinin """"failed"""" ve message bilgisinin de """"No id"""" oldugu dogrulanmali.""
- ""/api/support/{id} endpoint'ine gecersiz (invalid token) authorization bilgileri ve dogru data (id) iceren bir GET request gnderildiginde dnen status code'in 401 ve response body'deki message bilgisinin """"Unauthenticated."""" oldugu dogrulanmali.""","Low","Supports","Story"
"US_053: Bir ynetici olarak API balants zerinden yeni bir support kayd olusturabilmek istiyorum.","**Role:** Supports
**Acceptance Criteria:**
- ""/api/addSupport endpoint'ine gecerli authorization bilgileri ve dogru datalar (title, department_id, message) iceren bir POST body gnderildiginde dnen status code'in 200, response body'deki remark bilgisinin """"success"""" ve Message bilgisinin de """"Successfully Added."""" oldugu dogrulanmali.""
- ""/api/addSupport endpoint'ine gecerli authorization bilgileri ve data icermeyen bir POST request gnderildiginde dnen status code'in 422 oldugu ve response body'deki message bilgisinin """"The title field is required. (and 2 more errors)"""" oldugu dogrulanmali""
- ""/api/addSupport endpoint'ine gecersiz (invalid token) authorization bilgileri ile dogru datalar (title, department_id, message) iceren bir POST body gnderildiginde dnen status code'in 401 oldugu ve response body'deki message bilgisinin """"Unauthenticated."""" oldugu dogrulanmali""
- ""API uzerinden olusturulmak istenen yeni support kaydinin olustugu API uzerinden dogrulanmali. 
(Response bodyde dnen Added Support ID ile /api/support/{id} endpoint'ine GET request gnderilerek kayt oluturulduu dorulanabilir.)""","High","Supports","Story"
"US_054: Bir ynetici olarak API baglantisi zerinden belirtilen id numarasna sahip support'un bilgilerini gncelleyebilmek istiyorum.","**Role:** Supports
**Acceptance Criteria:**
- ""/api/updateSupport/{id} endpoint'ine gecerli authorization bilgileri ile dogru (id) ve dogru datalar (title, department_id, message) iceren bir PATCH body gnderildiginde dnen status code'in 200, response body'deki remark bilgisinin """"success"""" ve Message bilgisinin de """"Updated Succesfully"""" oldugu dogrulanmali.""
- ""/api/updateSupport/{id} endpoint'ine gecerli authorization bilgileri ile dogru (id) ve data icermeyen bir PATCH request gnderildiginde dnen status code'in 203, response body'deki remark bilgisinin """"failed"""" ve message bilgisinin de """"There is no information to update"""" oldugu dogrulanmali.""
- ""/api/updateSupport/{id} endpoint'ine gecerli authorization bilgileri ile kayd olmayan bir (id) ve dogru datalar (title, department_id, message) iceren bir PATCH body gnderildiginde dnen status code'in 203, response body'deki remark bilgisinin """"failed"""" ve message bilgisinin de """"There is not support message for this id."""" oldugu, (id) icermeyen ve dogru datalar (title, department_id, message) iceren bir PATCH body gnderildiginde de dnen status code'in 203, response body'deki remark bilgisinin """"failed"""" ve message bilgisinin de """"No id"""" oldugu dogrulanmali.""
- ""/api/updateSupport/{id} endpoint'ine gecersiz (invalid token) authorization bilgileri ile dogru (id) ve dogru datalar (title, department_id, message) iceren bir PATCH body gnderildiginde dnen status code'in 401 oldugu ve response body'deki message bilgisinin """"Unauthenticated."""" oldugu dogrulanmali""
- /api/updateSupport/{id} endpoint'inden donen response body icindeki Updated Support ID bilgisinin /api/updateSupport/{id} endpoint'inde yazan id path parametresi ile ayni oldugu dogrulanmali.
- ""API uzerinden gncellenmek istenen support kaydinin gncellendigi, API uzerinden dogrulanmali.
(Response body'de dnen Updated Support ID ile /api/support/{id} endpoint'ine GET request gnderilerek kaydn gncellendii dorulanabilir.)""","High","Supports","Story"
"US_055: Bir ynetici olarak API baglantisi zerinden belirtilen id numarasna sahip support bilgilerini silebilmek istiyorum.","**Role:** Supports
**Acceptance Criteria:**
- ""/api/deleteSupport/{id} endpoint'ine gecerli authorization bilgileri ve dogru (id) iceren bir DELETE request gnderildiginde dnen status code'in 200, response body'deki remark bilgisinin """"success"""" ve Message bilgisinin de """"Successfully Deleted."""" oldugu dogrulanmali.""
- ""/api/deleteSupport/{id} endpoint'ine gecerli authorization bilgileri ve kayd olmayan bir (id) iceren bir DELETE request gnderildiginde dnen status code'in 203, response body'deki remark bilgisinin """"failed"""" ve message bilgisinin de """"There is not support message for this id."""" oldugu, (id) icermeyen bir DELETE request gnderildiginde de dnen status code'in 203, response body'deki remark bilgisinin """"failed"""" ve message bilgisinin de """"No id"""" oldugu dogrulanmali.""
- ""/api/deleteSupport/{id} endpoint'ine gecersiz (invalid token) authorization bilgileri ile dogru (id) iceren bir DELETE request gnderildiginde dnen status code'in 401 oldugu ve response body'deki message bilgisinin """"Unauthenticated."""" oldugu dogrulanmali""
- /api/deleteSupport/{id} endpoint'inden donen response body icindeki Deleted Support Id bilgisinin /api/deleteSupport/{id} endpoint'inde yazan id path parametresi ile ayni oldugu dogrulanmali.
- ""API uzerinden silinmek istenen support kaydinin silindigi, API uzerinden dogrulanmali.
(Response body'de dnen Deleted Support Id ile /api/support/{id} endpoint'ine GET request gnderilerek kaydn silindii dorulanabilir.)""","High","Supports","Story"
"US_056: Bir ynetici olarak API balants zerinden support departments'e eriebilmek istiyorum.","**Role:** Supports Departments
**Acceptance Criteria:**
- ""/api/departments endpoint'ine gecerli authorization bilgileri ile bir GET request gnderildiginde dnen status code'in 200 ve response body'deki remark bilgisinin """"success"""" oldugu dogrulanmali.""
- id(x) olaninin response body'de donen bilgileri (created_at, supports_count, title, id, support_department_id, locale, title) dorulanmal.
- ""/api/departments endpoint'ine gecersiz (invalid token) authorization bilgileri ile bir GET request gnderildiginde dnen status code'in 401 ve response body'deki message bilgisinin """"Unauthenticated."""" oldugu dogrulanmali.""","Medium","Supports Departments","Story"
"US_057: Bir ynetici olarak API baglantisi zerinden belirtilen id numarasna sahip support department'n detayl bilgilerine erisebilmeliyim.","**Role:** Supports Departments
**Acceptance Criteria:**
- ""/api/department/{id} endpoint'ine gecerli authorization bilgileri ve dogru data (id) iceren bir GET request gnderildiginde dnen status code'in 200 ve response body'deki remark bilgisinin """"success"""" oldugu dogrulanmali.""
- Response body icindeki list datalarnn (id, created_at, title, id, support_department_id, locale, title) ierikleri dorulanmali.
- ""/api/department/{id} endpoint'ine gecerli authorization bilgileri ve kayd olmayan bir (id) iceren bir GET request gnderildiginde dnen status code'in 203, response body'deki remark bilgisinin """"failed"""" ve message bilgisinin de """"There is not support department for this id."""" oldugu, (id) icermeyen bir GET request gnderildiginde de dnen status code'un 203, response body'deki remark bilgisinin """"failed"""" ve message bilgisinin de """"No id"""" oldugu dogrulanmali.""
- ""/api/department/{id} endpoint'ine gecersiz (invalid token) authorization bilgileri ve dogru data (id) iceren bir GET request gnderildiginde dnen status code'in 401 ve response body'deki message bilgisinin """"Unauthenticated."""" oldugu dogrulanmali.""","Low","Supports Departments","Story"
"US_058: Bir ynetici olarak API balants zerinden yeni bir support department kayd olusturabilmek istiyorum.","**Role:** Supports Departments
**Acceptance Criteria:**
- ""/api/addDepartment endpoint'ine gecerli authorization bilgileri ve dogru data (title) iceren bir POST body gnderildiginde dnen status code'in 200, response body'deki remark bilgisinin """"success"""" ve Message bilgisinin de """"Successfully Added."""" oldugu dogrulanmali.""
- ""/api/addDepartment endpoint'ine gecerli authorization bilgileri ve data icermeyen bir POST request gnderildiginde dnen status code'in 422 oldugu ve response body'deki message bilgisinin """"The title field is required."""" oldugu dogrulanmali""
- ""/api/addDepartment endpoint'ine gecersiz (invalid token) authorization bilgileri ile dogru data (title) iceren bir POST body gnderildiginde dnen status code'in 401 oldugu ve response body'deki message bilgisinin """"Unauthenticated."""" oldugu dogrulanmali""
- ""API uzerinden olusturulmak istenen yeni support department kaydinin olustugu API uzerinden dogrulanmali. 
(Response bodyde dnen Added Support Department ID ile /api/department/{id} endpoint'ine GET request gnderilerek kayt oluturulduu dorulanabilir.)""","High","Supports Departments","Story"
"US_059: Bir ynetici olarak API baglantisi zerinden belirtilen id numarasna sahip support department'in bilgilerini gncelleyebilmek istiyorum.","**Role:** Supports Departments
**Acceptance Criteria:**
- ""/api/updateDepartment/{id} endpoint'ine gecerli authorization bilgileri ile dogru (id) ve dogru data (title) iceren bir PATCH body gnderildiginde dnen status code'in 200, response body'deki remark bilgisinin """"success"""" ve Message bilgisinin de """"Successfully Updated."""" oldugu dogrulanmali.""
- ""/api/updateDepartment/{id} endpoint'ine gecerli authorization bilgileri ile dogru (id) ve data icermeyen bir PATCH request gnderildiginde dnen status code'in 203, response body'deki remark bilgisinin """"failed"""" ve message bilgisinin de """"There is no information to update."""" oldugu dogrulanmali.""
- ""/api/updateDepartment/{id} endpoint'ine gecerli authorization bilgileri ile kayd olmayan bir (id) ve dogru data (title) iceren bir PATCH body gnderildiginde dnen status code'in 203, response body'deki remark bilgisinin """"failed"""" ve message bilgisinin de """"There is not support department for this id."""" oldugu, (id) icermeyen ve dogru data (title) iceren bir PATCH body gnderildiginde de dnen status code'in 203, response body'deki remark bilgisinin """"failed"""" ve message bilgisinin de """"No id"""" oldugu dogrulanmali.""
- ""/api/updateDepartment/{id} endpoint'ine gecersiz (invalid token) authorization bilgileri ile dogru (id) ve dogru data (title) iceren bir PATCH body gnderildiginde dnen status code'in 401 oldugu ve response body'deki message bilgisinin """"Unauthenticated."""" oldugu dogrulanmali""
- /api/updateDepartment/{id} endpoint'inden donen response body icindeki Updated Support Department ID bilgisinin /api/updateDepartment/{id} endpoint'inde yazan id path parametresi ile ayni oldugu dogrulanmali.
- ""API uzerinden gncellenmek istenen support department kaydinin gncellendigi, API uzerinden dogrulanmali.
(Response body'de dnen Updated Support Department ID ile /api/department/{id} endpoint'ine GET request gnderilerek kaydn gncellendii dorulanabilir.)""","High","Supports Departments","Story"
"US_060: Bir ynetici olarak API baglantisi zerinden belirtilen id numarasna sahip support department bilgilerini silebilmek istiyorum.","**Role:** Supports Departments
**Acceptance Criteria:**
- ""/api/deleteDepartment/{id} endpoint'ine gecerli authorization bilgileri ve dogru (id) iceren bir DELETE request gnderildiginde dnen status code'in 200, response body'deki remark bilgisinin """"success"""" ve Message bilgisinin de """"Successfully Deleted."""" oldugu dogrulanmali.""
- ""/api/deleteDepartment/{id} endpoint'ine gecerli authorization bilgileri ve kayd olmayan bir (id) iceren bir DELETE request gnderildiginde dnen status code'in 203, response body'deki remark bilgisinin """"failed"""" ve message bilgisinin de """"There is not support department for this id."""" oldugu, (id) icermeyen bir DELETE request gnderildiginde de dnen status code'in 203, response body'deki remark bilgisinin """"failed"""" ve message bilgisinin de """"No id"""" oldugu dogrulanmali.""
- ""/api/deleteDepartment/{id} endpoint'ine gecersiz (invalid token) authorization bilgileri ile dogru (id) iceren bir DELETE request gnderildiginde dnen status code'in 401 oldugu ve response body'deki message bilgisinin """"Unauthenticated."""" oldugu dogrulanmali""
- /api/deleteDepartment/{id} endpoint'inden donen response body icindeki Deleted Support Department ID bilgisinin /api/deleteDepartment/{id} endpoint'inde yazan id path parametresi ile ayni oldugu dogrulanmali.
- ""API uzerinden silinmek istenen support department kaydinin silindigi, API uzerinden dogrulanmali.
(Response body'de dnen Deleted Support Department ID ile /api/department/{id} endpoint'ine GET request gnderilerek kaydn silindii dorulanabilir.)""","High","Supports Departments","Story"
"US_061: Bir ynetici olarak API balants zerinden contacts'a eriebilmek istiyorum.","**Role:** Contacts
**Acceptance Criteria:**
- ""/api/contacts endpoint'ine gecerli authorization bilgileri ile bir GET request gnderildiginde dnen status code'in 200 ve response body'deki remark bilgisinin """"success"""" oldugu dogrulanmali.""
- id(x) olaninin response body'de donen bilgileri (name, email, phone, subject, message, reply, status, created_at) dorulanmal.
- ""/api/contacts endpoint'ine gecersiz (invalid token) authorization bilgileri ile bir GET request gnderildiginde dnen status code'in 401 ve response body'deki message bilgisinin """"Unauthenticated."""" oldugu dogrulanmali.""","Medium","Contacts","Story"
"US_062: Bir ynetici olarak API baglantisi zerinden belirtilen id numarasna sahip contact'n detayl bilgilerine erisebilmeliyim.","**Role:** Contacts
**Acceptance Criteria:**
- ""/api/contact/{id} endpoint'ine gecerli authorization bilgileri ve dogru data (id) iceren bir GET request gnderildiginde dnen status code'in 200 ve response body'deki remark bilgisinin """"success"""" oldugu dogrulanmali.""
- Response body icindeki list datalarnn (id, name, email, phone, subject, message, reply, status, created_at) ierikleri dorulanmali.
- ""/api/contact/{id} endpoint'ine gecerli authorization bilgileri ve kayd olmayan bir (id) iceren bir GET request gnderildiginde dnen status code'in 203, response body'deki remark bilgisinin """"failed"""" ve message bilgisinin de """"There is not contact message for this id."""" oldugu, (id) icermeyen bir GET request gnderildiginde de dnen status code'un 203, response body'deki remark bilgisinin """"failed"""" ve message bilgisinin de """"No id"""" oldugu dogrulanmali.""
- ""/api/contact/{id} endpoint'ine gecersiz (invalid token) authorization bilgileri ve dogru data (id) iceren bir GET request gnderildiginde dnen status code'in 401 ve response body'deki message bilgisinin """"Unauthenticated."""" oldugu dogrulanmali.""","Low","Contacts","Story"
"US_063: Bir ynetici olarak API balants zerinden yeni bir contact kayd olusturabilmek istiyorum.","**Role:** Contacts
**Acceptance Criteria:**
- ""/api/addContact endpoint'ine gecerli authorization bilgileri ve dogru datalar (name, email, phone, subject, message) iceren bir POST body gnderildiginde dnen status code'in 200, response body'deki remark bilgisinin """"success"""" ve Message bilgisinin de """"Successfully Added."""" oldugu dogrulanmali.""
- ""/api/addContact endpoint'ine gecerli authorization bilgileri ve geersiz email (email) iceren bir POST body (name, email, phone, subject, message) gnderildiginde dnen status code'in 422 olduu ve response body'deki message bilgisinin """"The email must be a valid email address."""" oldugu,  data icermeyen bir POST request gnderildiginde dnen status code'in 422 oldugu ve response body'deki message bilgisinin """"The name field is required. (and 4 more errors)"""" oldugu dogrulanmali""
- ""/api/addContact endpoint'ine gecersiz (invalid token) authorization bilgileri ile dogru datalar (name, email, phone, subject, message) iceren bir POST body gnderildiginde dnen status code'in 401 oldugu ve response body'deki message bilgisinin """"Unauthenticated."""" oldugu dogrulanmali""
- ""API uzerinden olusturulmak istenen yeni contact kaydinin olustugu API uzerinden dogrulanmali. 
(Response bodyde dnen Added Contact Message ID ile /api/contact/{id} endpoint'ine GET request gnderilerek kayt oluturulduu dorulanabilir.)""","High","Contacts","Story"
"US_064: Bir ynetici olarak API baglantisi zerinden belirtilen id numarasna sahip contact'in bilgilerini gncelleyebilmek istiyorum.","**Role:** Contacts
**Acceptance Criteria:**
- ""/api/updateContact/{id} endpoint'ine gecerli authorization bilgileri ile dogru (id) ve dogru datalar (phone, subject, message) iceren bir PATCH body gnderildiginde dnen status code'in 200, response body'deki remark bilgisinin """"success"""" ve Message bilgisinin de """"Successfully Updated."""" oldugu dogrulanmali.""
- ""/api/updateContact/{id} endpoint'ine gecerli authorization bilgileri ile dogru (id) ve data icermeyen bir PATCH request gnderildiginde dnen status code'in 203, response body'deki remark bilgisinin """"failed"""" ve message bilgisinin de """"There is no information to update."""" oldugu dogrulanmali.""
- ""/api/updateContact/{id} endpoint'ine gecerli authorization bilgileri ile kayd olmayan bir (id) ve dogru datalar (phone, subject, message) iceren bir PATCH body gnderildiginde dnen status code'in 203, response body'deki remark bilgisinin """"failed"""" ve message bilgisinin de """"There is not contact message for this id."""" oldugu, (id) icermeyen ve dogru datalar (phone, subject, message) iceren bir PATCH body gnderildiginde de dnen status code'in 203, response body'deki remark bilgisinin """"failed"""" ve message bilgisinin de """"No id"""" oldugu dogrulanmali.""
- ""/api/updateContact/{id} endpoint'ine gecersiz (invalid token) authorization bilgileri ile dogru (id) ve dogru datalar (phone, subject, message) iceren bir PATCH body gnderildiginde dnen status code'in 401 oldugu ve response body'deki message bilgisinin """"Unauthenticated."""" oldugu dogrulanmali""
- /api/updateContact/{id} endpoint'inden donen response body icindeki Updated Contact Message ID bilgisinin /api/updateContact/{id} endpoint'inde yazan id path parametresi ile ayni oldugu dogrulanmali.
- ""API uzerinden gncellenmek istenen contact kaydinin gncellendigi, API uzerinden dogrulanmali.
(Response body'de dnen Updated Contact Message ID ile /api/contact/{id} endpoint'ine GET request gnderilerek kaydn gncellendii dorulanabilir.)""","High","Contacts","Story"
"US_065: Bir ynetici olarak API baglantisi zerinden belirtilen id numarasna sahip contact bilgilerini silebilmek istiyorum.","**Role:** Contacts
**Acceptance Criteria:**
- ""/api/deleteContact/{id} endpoint'ine gecerli authorization bilgileri ve dogru (id) iceren bir DELETE request gnderildiginde dnen status code'in 200, response body'deki remark bilgisinin """"success"""" ve Message bilgisinin de """"Successfully Deleted."""" oldugu dogrulanmali.""
- ""/api/deleteContact/{id} endpoint'ine gecerli authorization bilgileri ve kayd olmayan bir (id) iceren bir DELETE request gnderildiginde dnen status code'in 203, response body'deki remark bilgisinin """"failed"""" ve message bilgisinin de """"There is not contact message for this id."""" oldugu, (id) icermeyen bir DELETE request gnderildiginde de dnen status code'in 203, response body'deki remark bilgisinin """"failed"""" ve message bilgisinin de """"No id"""" oldugu dogrulanmali.""
- ""/api/deleteContact/{id} endpoint'ine gecersiz (invalid token) authorization bilgileri ile dogru (id) iceren bir DELETE request gnderildiginde dnen status code'in 401 oldugu ve response body'deki message bilgisinin """"Unauthenticated."""" oldugu dogrulanmali""
- /api/deleteContact/{id} endpoint'inden donen response body icindeki Deleted Contact Message ID  bilgisinin /api/deleteContact/{id} endpoint'inde yazan id path parametresi ile ayni oldugu dogrulanmali.
- ""API uzerinden silinmek istenen contact kaydinin silindigi, API uzerinden dogrulanmali.
(Response body'de dnen Deleted Contact Message ID  ile /api/contact/{id} endpoint'ine GET request gnderilerek kaydn silindii dorulanabilir.)""","High","Contacts","Story"
"US_066: Bir ynetici olarak API balants zerinden badges'e eriebilmek istiyorum.","**Role:** Badges
**Acceptance Criteria:**
- ""/api/badges endpoint'ine gecerli authorization bilgileri ile bir GET request gnderildiginde dnen status code'in 200 ve response body'deki remark bilgisinin """"success"""" oldugu dogrulanmali.""
- id(x) olaninin response body'de donen bilgileri (image, type, from, to, score, created_at, title, description, id, badge_id, locale, title, description) dorulanmal.
- ""/api/badges endpoint'ine gecersiz (invalid token) authorization bilgileri ile bir GET request gnderildiginde dnen status code'in 401 ve response body'deki message bilgisinin """"Unauthenticated."""" oldugu dogrulanmali.""","Medium","Badges","Story"
"US_067: Bir ynetici olarak API baglantisi zerinden belirtilen id numarasna sahip badge'in detayl bilgilerine erisebilmeliyim.","**Role:** Badges
**Acceptance Criteria:**
- ""/api/badge/{id} endpoint'ine gecerli authorization bilgileri ve dogru data (id) iceren bir GET request gnderildiginde dnen status code'in 200 ve response body'deki remark bilgisinin """"success"""" oldugu dogrulanmali.""
- Response body icindeki list datalarnn (id, image, type, from, to, score, created_at, title, description, id, badge_id, locale, title, description) ierikleri dorulanmali.
- ""/api/badge/{id} endpoint'ine gecerli authorization bilgileri ve kayd olmayan bir (id) iceren bir GET request gnderildiginde dnen status code'in 203, response body'deki remark bilgisinin """"failed"""" ve message bilgisinin de """"There is not badge for this id."""" oldugu, (id) icermeyen bir GET request gnderildiginde de dnen status code'un 203, response body'deki remark bilgisinin """"failed"""" ve message bilgisinin de """"No id"""" oldugu dogrulanmali.""
- ""/api/badge/{id} endpoint'ine gecersiz (invalid token) authorization bilgileri ve dogru data (id) iceren bir GET request gnderildiginde dnen status code'in 401 ve response body'deki message bilgisinin """"Unauthenticated."""" oldugu dogrulanmali.""","Low","Badges","Story"
"US_068: Bir ynetici olarak API balants zerinden yeni bir badge kayd olusturabilmek istiyorum.","**Role:** Badges
**Acceptance Criteria:**
- ""/api/addBadge endpoint'ine gecerli authorization bilgileri ve dogru datalar (title, description, type, from, to, score) iceren bir POST body gnderildiginde dnen status code'in 200, response body'deki remark bilgisinin """"success"""" ve Message bilgisinin de """"Successfully Added."""" oldugu dogrulanmali.""
- ""/api/addBadge endpoint'ine gecerli authorization bilgileri ve geersiz type (type) iceren bir POST body (title, description, type, from, to, score) gnderildiginde dnen status code'in 422 olduu ve response body'deki message bilgisinin """"The selected type is invalid."""" oldugu, data icermeyen bir POST request gnderildiginde dnen status code'in 422 oldugu ve response body'deki message bilgisinin """"The title field is required. (and 4 more errors)"""" oldugu dogrulanmali""
- ""/api/addBadge endpoint'ine gecersiz (invalid token) authorization bilgileri ile dogru datalar (title, description, type, from, to, score) iceren bir POST body gnderildiginde dnen status code'in 401 oldugu ve response body'deki message bilgisinin """"Unauthenticated."""" oldugu dogrulanmali""
- ""API uzerinden olusturulmak istenen yeni badge kaydinin olustugu API uzerinden dogrulanmali. 
(Response bodyde dnen Added Badge ID ile /api/badge/{id} endpoint'ine GET request gnderilerek kayt oluturulduu dorulanabilir.)""","High","Badges","Story"
"US_069: Bir ynetici olarak API baglantisi zerinden belirtilen id numarasna sahip badge'in bilgilerini gncelleyebilmek istiyorum.","**Role:** Badges
**Acceptance Criteria:**
- ""/api/updateBadge/{id} endpoint'ine gecerli authorization bilgileri ile dogru (id) ve dogru datalar (title, type) iceren bir PATCH body gnderildiginde dnen status code'in 200, response body'deki remark bilgisinin """"success"""" ve Message bilgisinin de """"Successfully Updated."""" oldugu dogrulanmali.""
- ""/api/updateBadge/{id} endpoint'ine gecerli authorization bilgileri ile dogru (id) ve invalid type (type) iceren bir PATCH body (title, type) gnderildiginde dnen status code'in 203, response body'deki remark bilgisinin """"failed"""" ve Message bilgisinin de """"Type value is invalid. It must be register_date, course_count, course_rate, sale_count, support_rate,product_sale_count, make_topic, send_post_in_topic or instructor_blog."""" oldugu, data icermeyen bir PATCH request gnderildiginde de dnen status code'in 203, response body'deki remark bilgisinin """"failed"""" ve message bilgisinin de """"There is no information to update."""" oldugu""
- ""/api/updateBadge/{id} endpoint'ine gecerli authorization bilgileri ile kayd olmayan bir (id) ve dogru datalar (title, type) iceren bir PATCH body gnderildiginde dnen status code'in 203, response body'deki remark bilgisinin """"failed"""" ve message bilgisinin de """"There is not badge for this id."""" oldugu, (id) icermeyen ve dogru datalar (title, type) iceren bir PATCH body gnderildiginde de dnen status code'in 203, response body'deki remark bilgisinin """"failed"""" ve message bilgisinin de """"No id"""" oldugu dogrulanmali.""
- ""/api/updateBadge/{id} endpoint'ine gecersiz (invalid token) authorization bilgileri ile dogru (id) ve dogru datalar (title, type) iceren bir PATCH body gnderildiginde dnen status code'in 401 oldugu ve response body'deki message bilgisinin """"Unauthenticated."""" oldugu dogrulanmali""
- /api/updateBadge/{id} endpoint'inden donen response body icindeki Updated Badge ID bilgisinin /api/updateBadge/{id} endpoint'inde yazan id path parametresi ile ayni oldugu dogrulanmali.
- ""API uzerinden gncellenmek istenen badge kaydinin gncellendigi, API uzerinden dogrulanmali.
(Response body'de dnen Updated Badge ID ile /api/badge/{id} endpoint'ine GET request gnderilerek kaydn gncellendii dorulanabilir.)""","High","Badges","Story"
"US_070: Bir ynetici olarak API baglantisi zerinden belirtilen id numarasna sahip badge bilgilerini silebilmek istiyorum.","**Role:** Badges
**Acceptance Criteria:**
- ""/api/deleteBadge/{id} endpoint'ine gecerli authorization bilgileri ve dogru (id) iceren bir DELETE request gnderildiginde dnen status code'in 200, response body'deki remark bilgisinin """"success"""" ve Message bilgisinin de """"Successfully Deleted."""" oldugu dogrulanmali.""
- ""/api/deleteBadge/{id} endpoint'ine gecerli authorization bilgileri ve kayd olmayan bir (id) iceren bir DELETE request gnderildiginde dnen status code'in 203, response body'deki remark bilgisinin """"failed"""" ve message bilgisinin de """"There is not badge for this id."""" oldugu, (id) icermeyen bir DELETE request gnderildiginde de dnen status code'in 203, response body'deki remark bilgisinin """"failed"""" ve message bilgisinin de """"No id"""" oldugu dogrulanmali.""
- ""/api/deleteBadge/{id} endpoint'ine gecersiz (invalid token) authorization bilgileri ile dogru (id) iceren bir DELETE request gnderildiginde dnen status code'in 401 oldugu ve response body'deki message bilgisinin """"Unauthenticated."""" oldugu dogrulanmali""
- /api/deleteBadge/{id} endpoint'inden donen response body icindeki Deleted Badge ID bilgisinin /api/deleteBadge/{id} endpoint'inde yazan id path parametresi ile ayni oldugu dogrulanmali.
- ""API uzerinden silinmek istenen badge kaydinin silindigi, API uzerinden dogrulanmali.
(Response body'de dnen Deleted Badge ID ile /api/badge/{id} endpoint'ine GET request gnderilerek kaydn silindii dorulanabilir.)""","High","Badges","Story"
