  ;US_ID;Description;Acceptance Criterias;Priority;Point;Assign;Test Type;;;;;;;;;;;;;;;;;;
;;;;;;;;;;;;;;;;;;;;;;;;;
Course;US_001;Bir yönetici olarak API baðlantýsý üzerinden courses'e eriþebilmek istiyorum.;"/api/courses endpoint'ine gecerli authorization bilgileri ile bir GET request gönderildiginde dönen status code'in 200 ve response body'deki remark bilgisinin ""success"" oldugu dogrulanmali.";Medium;;;Backend (API);;;;;;;;;;;;;;;;;;
;;;id(x) olaninin response body'de donen bilgileri (teacher_id, creator_id, category_id, type, private, slug, start_date, duration, timezone) doðrulanmalý.;;;;;;;;;;;;;;;;;;;;;;
;;;"/api/courses endpoint'ine gecersiz (invalid token) authorization bilgileri ile bir GET request gönderildiginde dönen status code'in 401 ve response body'deki message bilgisinin ""Unauthenticated."" oldugu dogrulanmali.";;;;;;;;;;;;;;;;;;;;;;
;;;;;;;;;;;;;;;;;;;;;;;;;
;US_002;Bir yönetici olarak API baglantisi üzerinden belirtilen id numarasýna sahip course'in detaylý bilgilerine erisebilmeliyim.;"/api/course/{id} endpoint'ine gecerli authorization bilgileri ve dogru data (id) iceren bir GET request gönderildiginde dönen status code'in 200 ve response body'deki remark bilgisinin ""success"" oldugu dogrulanmali.";Low;;;Backend (API);;;;;;;;;;;;;;;;;;
;;;Response body icindeki list datalarýnýn (id, teacher_id, creator_id, category_id, type, private, slug, start_date, duration, timezone) içerikleri doðrulanmali.;;;;;;;;;;;;;;;;;;;;;;
;;;"/api/course/{id} endpoint'ine gecerli authorization bilgileri ve kaydý olmayan bir (id) iceren bir GET request gönderildiginde dönen status code'in 203, response body'deki remark bilgisinin ""failed"" ve message bilgisinin de ""There is not course for this id."" oldugu, (id) icermeyen bir GET request gönderildiginde de dönen status code'un 203, response body'deki remark bilgisinin ""failed"" ve message bilgisinin de ""No id"" oldugu dogrulanmali.";;;;;;;;;;;;;;;;;;;;;;
;;;"/api/course/{id} endpoint'ine gecersiz (invalid token) authorization bilgileri ve dogru data (id) iceren bir GET request gönderildiginde dönen status code'in 401 ve response body'deki message bilgisinin ""Unauthenticated."" oldugu dogrulanmali.";;;;;;;;;;;;;;;;;;;;;;
;;;;;;;;;;;;;;;;;;;;;;;;;
;US_003;Bir yönetici olarak API baðlantýsý üzerinden yeni bir course kaydý olusturabilmek istiyorum.;"/api/addCourse endpoint'ine gecerli authorization bilgileri ve dogru datalar (title, type, slug, start_date, duration, capacity, price, description, teacher_id) iceren bir POST body gönderildiginde dönen status code'in 200, response body'deki remark bilgisinin ""success"" ve Message bilgisinin de ""Successfully Added."" oldugu dogrulanmali.";High;;;Backend (API);;;;;;;;;;;;;;;;;;
;;;"/api/addCourse endpoint'ine gecerli authorization bilgileri ve eksik data (teacher_id) iceren bir POST body (title, type, slug, start_date, duration, capacity, price, description) gönderildiginde dönen status code'in 422 oldugu ve response body'deki message bilgisinin ""The teacher id field is required."" oldugu, data icermeyen bir POST request gönderildiginde de dönen status code'in 422 oldugu ve response body'deki message bilgisinin ""The teacher id field is required. (and 2 more errors)"" oldugu dogrulanmali";;;;;;;;;;;;;;;;;;;;;;
;;;"/api/addCourse endpoint'ine gecersiz (invalid token) authorization bilgileri ile dogru datalar (title, type, slug, start_date, duration, capacity, price, description, teacher_id) iceren bir POST body gönderildiginde dönen status code'in 401 oldugu ve response body'deki message bilgisinin ""Unauthenticated."" oldugu dogrulanmali";;;;;;;;;;;;;;;;;;;;;;
;;;"API uzerinden olusturulmak istenen yeni course kaydinin olustugu API uzerinden dogrulanmali. 
(Response bodyde dönen Added Course ID ile /api/course/{id} endpoint'ine GET request gönderilerek kayýt oluþturulduðu doðrulanabilir.)";;;;;;;;;;;;;;;;;;;;;;
;;;;;;;;;;;;;;;;;;;;;;;;;
;US_004;Bir yönetici olarak API baglantisi üzerinden belirtilen id numarasýna sahip course'in bilgilerini güncelleyebilmek istiyorum.;"/api/updateCourse/{id} endpoint'ine gecerli authorization bilgileri ile dogru (id) ve dogru datalar (duration, capacity, price, title) iceren bir PATCH body gönderildiginde dönen status code'in 200, response body'deki remark bilgisinin ""success"" ve Message bilgisinin de ""Successfully Updated."" oldugu dogrulanmali.";High;;;Backend (API);;;;;;;;;;;;;;;;;;
;;;"/api/updateCourse/{id} endpoint'ine gecerli authorization bilgileri ile dogru (id) ve data icermeyen bir PATCH request gönderildiginde dönen status code'in 203, response body'deki remark bilgisinin ""failed"" ve message bilgisinin de ""There is no information to update."" oldugu dogrulanmali.";;;;;;;;;;;;;;;;;;;;;;
;;;"/api/updateCourse/{id} endpoint'ine gecerli authorization bilgileri ile kaydý olmayan bir (id) ve dogru datalar (duration, capacity, price, title) iceren bir PATCH body gönderildiginde dönen status code'in 203, response body'deki remark bilgisinin ""failed"" ve message bilgisinin de ""There is not course for this id."" oldugu, (id) icermeyen ve dogru datalar (duration, capacity, price, title) iceren bir PATCH body gönderildiginde de dönen status code'in 203, response body'deki remark bilgisinin ""failed"" ve message bilgisinin de ""No id"" oldugu dogrulanmali.";;;;;;;;;;;;;;;;;;;;;;
;;;"/api/updateCourse/{id} endpoint'ine gecersiz (invalid token) authorization bilgileri ile dogru (id) ve dogru datalar (duration, capacity, price, title) iceren bir PATCH body gönderildiginde dönen status code'in 401 oldugu ve response body'deki message bilgisinin ""Unauthenticated."" oldugu dogrulanmali";;;;;;;;;;;;;;;;;;;;;;
;;;/api/updateCourse/{id} endpoint'inden donen response body icindeki Updated Course ID bilgisinin /api/updateCourse/{id} endpoint'inde yazan id path parametresi ile ayni oldugu dogrulanmali.;;;;;;;;;;;;;;;;;;;;;;
;;;"API uzerinden güncellenmek istenen course kaydinin güncellendigi, API uzerinden dogrulanmali.
(Response body'de dönen Updated Course ID ile /api/course/{id} endpoint'ine GET request gönderilerek kaydýn güncellendiði doðrulanabilir.)";;;;;;;;;;;;;;;;;;;;;;
;;;;;;;;;;;;;;;;;;;;;;;;;
;US_005;Bir yönetici olarak API baglantisi üzerinden belirtilen id numarasýna sahip course bilgilerini silebilmek istiyorum.;"/api/deleteCourse/{id} endpoint'ine gecerli authorization bilgileri ve dogru (id) iceren bir DELETE request gönderildiginde dönen status code'in 200, response body'deki remark bilgisinin ""success"" ve Message bilgisinin de ""Successfully Deleted."" oldugu dogrulanmali.";High;;;Backend (API);;;;;;;;;;;;;;;;;;
;;;"/api/deleteCourse/{id} endpoint'ine gecerli authorization bilgileri ve kaydý olmayan bir (id) iceren bir DELETE request gönderildiginde dönen status code'in 203, response body'deki remark bilgisinin ""failed"" ve message bilgisinin de ""There is not course for this id."" oldugu, (id) icermeyen bir DELETE request gönderildiginde de dönen status code'in 203, response body'deki remark bilgisinin ""failed"" ve message bilgisinin de ""No id"" oldugu dogrulanmali.";;;;;;;;;;;;;;;;;;;;;;
;;;"/api/deleteCourse/{id} endpoint'ine gecersiz (invalid token) authorization bilgileri ile dogru (id) iceren bir DELETE request gönderildiginde dönen status code'in 401 oldugu ve response body'deki message bilgisinin ""Unauthenticated."" oldugu dogrulanmali";;;;;;;;;;;;;;;;;;;;;;
;;;/api/deleteCourse/{id} endpoint'inden donen response body icindeki Deleted Course ID bilgisinin /api/deleteCourse/{id} endpoint'inde yazan id path parametresi ile ayni oldugu dogrulanmali.;;;;;;;;;;;;;;;;;;;;;;
;;;"API uzerinden silinmek istenen course kaydinin silindigi, API uzerinden dogrulanmali.
(Response body'de dönen Deleted Course ID ile /api/course/{id} endpoint'ine GET request gönderilerek kaydýn silindiði doðrulanabilir.)";;;;;;;;;;;;;;;;;;;;;;
;;;;;;;;;;;;;;;;;;;;;;;;;
Course Categories;US_006;Bir yönetici olarak API baðlantýsý üzerinden courses categories'e eriþebilmek istiyorum.;"/api/categories endpoint'ine gecerli authorization bilgileri ile bir GET request gönderildiginde dönen status code'in 200 ve response body'deki remark bilgisinin ""success"" oldugu dogrulanmali.";Medium;;;Backend (API);;;;;;;;;;;;;;;;;;
;;;id(x) olaninin response body'de donen bilgileri (slug, parent_id, icon, order, title, id, category_id, locale, title) doðrulanmalý.;;;;;;;;;;;;;;;;;;;;;;
;;;"/api/categories endpoint'ine gecersiz (invalid token) authorization bilgileri ile bir GET request gönderildiginde dönen status code'in 401 ve response body'deki message bilgisinin ""Unauthenticated."" oldugu dogrulanmali.";;;;;;;;;;;;;;;;;;;;;;
;;;;;;;;;;;;;;;;;;;;;;;;;
;US_007;Bir yönetici olarak API baglantisi üzerinden belirtilen id numarasýna sahip course category'in detaylý bilgilerine erisebilmeliyim.;"/api/category/{id} endpoint'ine gecerli authorization bilgileri ve dogru data (id) iceren bir GET request gönderildiginde dönen status code'in 200 ve response body'deki remark bilgisinin ""success"" oldugu dogrulanmali.";Low;;;Backend (API);;;;;;;;;;;;;;;;;;
;;;Response body icindeki list datalarýnýn (id, slug, parent_id, icon, order, title, id, category_id, locale, title) içerikleri doðrulanmali.;;;;;;;;;;;;;;;;;;;;;;
;;;"/api/category/{id} endpoint'ine gecerli authorization bilgileri ve kaydý olmayan bir (id) iceren bir GET request gönderildiginde dönen status code'in 203, response body'deki remark bilgisinin ""failed"" ve message bilgisinin de ""There is not category for this id."" (id) icermeyen bir GET request gönderildiginde de dönen status code'un 203, response body'deki remark bilgisinin ""failed"" ve message bilgisinin de ""No id"" oldugu dogrulanmali.";;;;;;;;;;;;;;;;;;;;;;
;;;"/api/category/{id} endpoint'ine gecersiz (invalid token) authorization bilgileri ve dogru data (id) iceren bir GET request gönderildiginde dönen status code'in 401 ve response body'deki message bilgisinin ""Unauthenticated."" oldugu dogrulanmali.";;;;;;;;;;;;;;;;;;;;;;
;;;;;;;;;;;;;;;;;;;;;;;;;
;US_008;Bir yönetici olarak API baðlantýsý üzerinden yeni bir course category kaydý olusturabilmek istiyorum.;"/api/addCategory endpoint'ine gecerli authorization bilgileri ve dogru data (title) iceren bir POST body gönderildiginde dönen status code'in 200, response body'deki remark bilgisinin ""success"" ve Message bilgisinin de ""Successfully Added."" oldugu dogrulanmali.";High;;;Backend (API);;;;;;;;;;;;;;;;;;
;;;"/api/addCategory endpoint'ine gecerli authorization bilgileri ve data icermeyen bir POST request gönderildiginde dönen status code'in 422 oldugu ve response body'deki message bilgisinin ""The title field is required."" oldugu dogrulanmali";;;;;;;;;;;;;;;;;;;;;;
;;;"/api/addCategory endpoint'ine gecersiz (invalid token) authorization bilgileri ile dogru data (title) iceren bir POST body gönderildiginde dönen status code'in 401 oldugu ve response body'deki message bilgisinin ""Unauthenticated."" oldugu dogrulanmali";;;;;;;;;;;;;;;;;;;;;;
;;;"API uzerinden olusturulmak istenen yeni course category kaydinin olustugu API uzerinden dogrulanmali. 
(Response bodyde dönen Added Category ID ile /api/category/{id} endpoint'ine GET request gönderilerek kayýt oluþturulduðu doðrulanabilir.)";;;;;;;;;;;;;;;;;;;;;;
;;;;;;;;;;;;;;;;;;;;;;;;;
;US_009;Bir yönetici olarak API baglantisi üzerinden belirtilen id numarasýna sahip course category'in bilgilerini güncelleyebilmek istiyorum.;"/api/updateCategory/{id} endpoint'ine gecerli authorization bilgileri ile dogru (id) ve dogru data (title) iceren bir PATCH body gönderildiginde dönen status code'in 200, response body'deki remark bilgisinin ""success"" ve Message bilgisinin de ""Successfully Updated."" oldugu dogrulanmali.";High;;;Backend (API);;;;;;;;;;;;;;;;;;
;;;"/api/updateCategory/{id} endpoint'ine gecerli authorization bilgileri ile dogru (id) ve data icermeyen bir PATCH request gönderildiginde dönen status code'in 203 olduðu, response body'deki remark bilgisinin ""failed"" ve message bilgisinin de ""There is no information to update."" oldugu dogrulanmali.";;;;;;;;;;;;;;;;;;;;;;
;;;"/api/updateCategory/{id} endpoint'ine gecerli authorization bilgileri ile kaydý olmayan bir (id) ve dogru data (title) iceren bir PATCH body gönderildiginde dönen status code'in 203, response body'deki remark bilgisinin ""failed"" ve message bilgisinin de ""There is not category for this id."" oldugu, (id) icermeyen ve dogru data (title) iceren bir PATCH body gönderildiginde de dönen status code'in 203, response body'deki remark bilgisinin ""failed"" ve message bilgisinin de ""No id"" oldugu dogrulanmali.";;;;;;;;;;;;;;;;;;;;;;
;;;"/api/updateCategory/{id} endpoint'ine gecersiz (invalid token) authorization bilgileri ile dogru (id) ve dogru data (title) iceren bir PATCH body gönderildiginde dönen status code'in 401 oldugu ve response body'deki message bilgisinin ""Unauthenticated."" oldugu dogrulanmali";;;;;;;;;;;;;;;;;;;;;;
;;;/api/updateCategory/{id} endpoint'inden donen response body icindeki Updated Category Id bilgisinin /api/updateCategory/{id} endpoint'inde yazan id path parametresi ile ayni oldugu dogrulanmali.;;;;;;;;;;;;;;;;;;;;;;
;;;"API uzerinden güncellenmek istenen course category kaydinin güncellendigi, API uzerinden dogrulanmali.
(Response body'de dönen Updated Category Id ile /api/category/{id} endpoint'ine GET request gönderilerek kaydýn güncellendiði doðrulanabilir.)";;;;;;;;;;;;;;;;;;;;;;
;;;;;;;;;;;;;;;;;;;;;;;;;
;US_010;Bir yönetici olarak API baglantisi üzerinden belirtilen id numarasýna sahip course category bilgilerini silebilmek istiyorum.;"/api/deleteCategory/{id} endpoint'ine gecerli authorization bilgileri ve dogru (id) iceren bir DELETE request gönderildiginde dönen status code'in 200, response body'deki status bilgisinin ""success"" ve Message bilgisinin de ""Successfully Deleted."" oldugu dogrulanmali.";High;;;Backend (API);;;;;;;;;;;;;;;;;;
;;;"/api/deleteCategory/{id} endpoint'ine gecerli authorization bilgileri ve kaydý olmayan bir (id) iceren bir DELETE request gönderildiginde dönen status code'in 203, response body'deki remark bilgisinin ""failed"" ve message bilgisinin de ""There is not category for this id."" oldugu, (id) icermeyen bir DELETE request gönderildiginde de dönen status code'in 203, response body'deki remark bilgisinin ""failed"" ve message bilgisinin de ""No id"" oldugu dogrulanmali.";;;;;;;;;;;;;;;;;;;;;;
;;;"/api/deleteCategory/{id} endpoint'ine gecersiz (invalid token) authorization bilgileri ile dogru (id) iceren bir DELETE request gönderildiginde dönen status code'in 401 oldugu ve response body'deki message bilgisinin ""Unauthenticated."" oldugu dogrulanmali";;;;;;;;;;;;;;;;;;;;;;
;;;/api/deleteCategory/{id} endpoint'inden donen response body icindeki Deleted Category Id bilgisinin /api/deleteCategory/{id} endpoint'inde yazan id path parametresi ile ayni oldugu dogrulanmali.;;;;;;;;;;;;;;;;;;;;;;
;;;"API uzerinden silinmek istenen course category kaydinin silindigi, API uzerinden dogrulanmali.
(Response body'de dönen Deleted Category Id ile /api/category/{id} endpoint'ine GET request gönderilerek kaydýn silindiði doðrulanabilir.)";;;;;;;;;;;;;;;;;;;;;;
;;;;;;;;;;;;;;;;;;;;;;;;;
Course Price Plans;US_011;Bir yönetici olarak API baðlantýsý üzerinden course price plans'e eriþebilmek istiyorum.;"/api/pricePlans endpoint'ine gecerli authorization bilgileri ile bir GET request gönderildiginde dönen status code'in 200 ve response body'deki remark bilgisinin ""success"" oldugu dogrulanmali.";Medium;;;Backend (API);;;;;;;;;;;;;;;;;;
;;;id(x) olaninin response body'de donen bilgileri (creator_id, webinar_id, bundle_id, start_date, end_date, discount, capacity, order, created_at, updated_at, deleted_at, title, id, ticket_id, locale, title) doðrulanmalý. ;;;;;;;;;;;;;;;;;;;;;;
;;;"/api/pricePlans endpoint'ine gecersiz (invalid token) authorization bilgileri ile bir GET request gönderildiginde dönen status code'in 401 ve response body'deki message bilgisinin ""Unauthenticated."" oldugu dogrulanmali.";;;;;;;;;;;;;;;;;;;;;;
;;;;;;;;;;;;;;;;;;;;;;;;;
;US_012;Bir yönetici olarak API baglantisi üzerinden belirtilen id numarasýna sahip course price plan'in detaylý bilgilerine erisebilmeliyim.;"/api/pricePlan/{id} endpoint'ine gecerli authorization bilgileri ve dogru data (id) iceren bir GET request gönderildiginde dönen status code'in 200 ve response body'deki remark bilgisinin ""success"" oldugu dogrulanmali.";Low;;;Backend (API);;;;;;;;;;;;;;;;;;
;;;Response body icindeki list datalarýnýn (id, creator_id, webinar_id, bundle_id, start_date, end_date, discount, capacity, order, created_at, updated_at, deleted_at, title, id, ticket_id, locale, title) içerikleri doðrulanmali.;;;;;;;;;;;;;;;;;;;;;;
;;;"/api/pricePlan/{id} endpoint'ine gecerli authorization bilgileri ve kaydý olmayan bir (id) iceren bir GET request gönderildiginde dönen status code'in 203, response body'deki remark bilgisinin ""failed"" ve message bilgisinin de ""There is not ticket for this id."" oldugu, (id) icermeyen bir GET request gönderildiginde de dönen status code'un 203, response body'deki remark bilgisinin ""failed"" ve message bilgisinin de ""No id"" oldugu dogrulanmali.";;;;;;;;;;;;;;;;;;;;;;
;;;"/api/pricePlan/{id} endpoint'ine gecersiz (invalid token) authorization bilgileri ve dogru data (id) iceren bir GET request gönderildiginde dönen status code'in 401 ve response body'deki message bilgisinin ""Unauthenticated."" oldugu dogrulanmali.";;;;;;;;;;;;;;;;;;;;;;
;;;;;;;;;;;;;;;;;;;;;;;;;
;US_013;Bir yönetici olarak API baðlantýsý üzerinden yeni bir course price plan kaydý olusturabilmek istiyorum.;"/api/addPricePlan endpoint'ine gecerli authorization bilgileri ve dogru datalar (title, dateRange, discount, capacity, webinar_id) iceren bir POST body gönderildiginde dönen status code'in 200, response body'deki remark bilgisinin ""success"" ve Message bilgisinin de ""Successfully Added."" oldugu dogrulanmali.";High;;;Backend (API);;;;;;;;;;;;;;;;;;
;;;"/api/addPricePlan endpoint'ine gecerli authorization bilgileri ve data icermeyen bir POST request gönderildiginde dönen status code'in 422 oldugu ve response body'deki message bilgisinin ""The title field is required. (and 3 more errors)"" oldugu dogrulanmali";;;;;;;;;;;;;;;;;;;;;;
;;;"/api/addPricePlan endpoint'ine gecersiz (invalid token) authorization bilgileri ile dogru datalar (title, dateRange, discount, capacity, webinar_id) iceren bir POST body gönderildiginde dönen status code'in 401 oldugu ve response body'deki message bilgisinin ""Unauthenticated."" oldugu dogrulanmali";;;;;;;;;;;;;;;;;;;;;;
;;;"API uzerinden olusturulmak istenen yeni course price plan kaydinin olustugu API uzerinden dogrulanmali. 
(Response bodyde dönen Added Price Plans ID ile /api/pricePlan/{id} endpoint'ine GET request gönderilerek kayýt oluþturulduðu doðrulanabilir.)";;;;;;;;;;;;;;;;;;;;;;
;;;;;;;;;;;;;;;;;;;;;;;;;
;US_014;Bir yönetici olarak API baglantisi üzerinden belirtilen id numarasýna sahip course price plan'in bilgilerini güncelleyebilmek istiyorum.;"/api/updatePricePlan/{id} endpoint'ine gecerli authorization bilgileri ile dogru (id) ve dogru datalar (title, dateRange, discount, capacity, webinar_id) iceren bir PATCH body gönderildiginde dönen status code'in 200, response body'deki remark bilgisinin ""success"" ve Message bilgisinin de ""Successfully Updated."" oldugu dogrulanmali.";High;;;Backend (API);;;;;;;;;;;;;;;;;;
;;;"/api/updatePricePlan/{id} endpoint'ine gecerli authorization bilgileri ile dogru (id) ve data icermeyen bir PATCH request gönderildiginde dönen status code'in 203, response body'deki remark bilgisinin ""failed"" ve message bilgisinin de ""There is no information to update."" oldugu dogrulanmali.";;;;;;;;;;;;;;;;;;;;;;
;;;"/api/updatePricePlan/{id} endpoint'ine gecerli authorization bilgileri ile kaydý olmayan bir (id) ve dogru datalar (title, dateRange, discount, capacity, webinar_id) iceren bir PATCH body gönderildiginde dönen status code'in 203, response body'deki remark bilgisinin ""failed"" ve message bilgisinin de ""There is not ticket for this id."" oldugu, (id) icermeyen ve dogru datalar (title, dateRange, discount, capacity, webinar_id) iceren bir PATCH body gönderildiginde de dönen status code'in 203, response body'deki remark bilgisinin ""failed"" ve message bilgisinin de ""No id"" oldugu dogrulanmali.";;;;;;;;;;;;;;;;;;;;;;
;;;"/api/updatePricePlan/{id} endpoint'ine gecersiz (invalid token) authorization bilgileri ile dogru (id) ve dogru datalar (title, dateRange, discount, capacity, webinar_id) iceren bir PATCH body gönderildiginde dönen status code'in 401 oldugu ve response body'deki message bilgisinin ""Unauthenticated."" oldugu dogrulanmali";;;;;;;;;;;;;;;;;;;;;;
;;;/api/updatePricePlan/{id} endpoint'inden donen response body icindeki Updated Price Plans ID bilgisinin /api/updatePricePlan/{id} endpoint'inde yazan id path parametresi ile ayni oldugu dogrulanmali.;;;;;;;;;;;;;;;;;;;;;;
;;;"API uzerinden güncellenmek istenen course price plan kaydinin güncellendigi, API uzerinden dogrulanmali.
(Response body'de dönen Updated Price Plans ID ile /api/pricePlan/{id} endpoint'ine GET request gönderilerek kaydýn güncellendiði doðrulanabilir.)";;;;;;;;;;;;;;;;;;;;;;
;;;;;;;;;;;;;;;;;;;;;;;;;
;US_015;Bir yönetici olarak API baglantisi üzerinden belirtilen id numarasýna sahip course price plan bilgilerini silebilmek istiyorum.;"/api/deletePricePlan/{id} endpoint'ine gecerli authorization bilgileri ve dogru (id) iceren bir DELETE request gönderildiginde dönen status code'in 200, response body'deki remark bilgisinin ""success"" ve Message bilgisinin de ""Successfully Deleted."" oldugu dogrulanmali.";High;;;Backend (API);;;;;;;;;;;;;;;;;;
;;;"/api/deletePricePlan/{id} endpoint'ine gecerli authorization bilgileri ve kaydý olmayan bir (id) iceren bir DELETE request gönderildiginde dönen status code'in 203, response body'deki remark bilgisinin ""failed"" ve message bilgisinin de ""There is not ticket for this id."" oldugu,  (id) icermeyen bir DELETE request gönderildiginde de dönen status code'in 203, response body'deki remark bilgisinin ""failed"" ve message bilgisinin de ""No id"" oldugu dogrulanmali.";;;;;;;;;;;;;;;;;;;;;;
;;;"/api/deletePricePlan/{id} endpoint'ine gecersiz (invalid token) authorization bilgileri ile dogru (id) iceren bir DELETE request gönderildiginde dönen status code'in 401 oldugu ve response body'deki message bilgisinin ""Unauthenticated."" oldugu dogrulanmali";;;;;;;;;;;;;;;;;;;;;;
;;;/api/deletePricePlan/{id} endpoint'inden donen response body icindeki Deleted Price Plan Id bilgisinin /api/deletePricePlan/{id} endpoint'inde yazan id path parametresi ile ayni oldugu dogrulanmali.;;;;;;;;;;;;;;;;;;;;;;
;;;"API uzerinden silinmek istenen course price plan kaydinin silindigi, API uzerinden dogrulanmali.
(Response body'de dönen Deleted Price Plan Id ile /api/pricePlan/{id} endpoint'ine GET request gönderilerek kaydýn silindiði doðrulanabilir.)";;;;;;;;;;;;;;;;;;;;;;
;;;;;;;;;;;;;;;;;;;;;;;;;
Course FAQ;US_016;Bir yönetici olarak API baðlantýsý üzerinden course faqs'e eriþebilmek istiyorum.;"/api/coursefaqs endpoint'ine gecerli authorization bilgileri ile bir GET request gönderildiginde dönen status code'in 200 ve response body'deki remark bilgisinin ""success"" oldugu dogrulanmali.";Medium;;;Backend (API);;;;;;;;;;;;;;;;;;
;;;id(x) olaninin response body'de donen bilgileri (creator_id, webinar_id, bundle_id, upcoming_course_id, order, created_at, updated_at, title, answer) doðrulanmalý.;;;;;;;;;;;;;;;;;;;;;;
;;;"/api/coursefaqs endpoint'ine gecersiz (invalid token) authorization bilgileri ile bir GET request gönderildiginde dönen status code'in 401 ve response body'deki message bilgisinin ""Unauthenticated."" oldugu dogrulanmali.";;;;;;;;;;;;;;;;;;;;;;
;;;;;;;;;;;;;;;;;;;;;;;;;
;US_017;Bir yönetici olarak API baglantisi üzerinden belirtilen id numarasýna sahip course faq'in detaylý bilgilerine erisebilmeliyim.;"/api/coursefaq/{id} endpoint'ine gecerli authorization bilgileri ve dogru data (id) iceren bir GET request gönderildiginde dönen status code'in 200 ve response body'deki remark bilgisinin ""success"" oldugu dogrulanmali.";Low;;;Backend (API);;;;;;;;;;;;;;;;;;
;;;Response body icindeki list datalarýnýn (id, creator_id, webinar_id, bundle_id, upcoming_course_id, order, created_at, updated_at, title, answer) içerikleri doðrulanmali. ;;;;;;;;;;;;;;;;;;;;;;
;;;"/api/coursefaq/{id} endpoint'ine gecerli authorization bilgileri ve kaydý olmayan bir (id) iceren bir GET request gönderildiginde dönen status code'in 203, response body'deki remark bilgisinin ""failed"" ve message bilgisinin de ""There is not course faq for this id."" oldugu, (id) icermeyen bir GET request gönderildiginde de dönen status code'un 203, response body'deki remark bilgisinin ""failed"" ve message bilgisinin de ""No id"" oldugu dogrulanmali.";;;;;;;;;;;;;;;;;;;;;;
;;;"/api/coursefaq/{id} endpoint'ine gecersiz (invalid token) authorization bilgileri ve dogru data (id) iceren bir GET request gönderildiginde dönen status code'in 401 ve response body'deki message bilgisinin ""Unauthenticated."" oldugu dogrulanmali.";;;;;;;;;;;;;;;;;;;;;;
;;;;;;;;;;;;;;;;;;;;;;;;;
;US_018;Bir yönetici olarak API baðlantýsý üzerinden yeni bir course faq kaydý olusturabilmek istiyorum.;"/api/addCoursefaq endpoint'ine gecerli authorization bilgileri ve dogru datalar (title, answer, webinar_id) iceren bir POST body gönderildiginde dönen status code'in 200, response body'deki remark bilgisinin ""success"" ve Message bilgisinin de ""Successfully Added."" oldugu dogrulanmali.";High;;;Backend (API);;;;;;;;;;;;;;;;;;
;;;"/api/addCoursefaq endpoint'ine gecerli authorization bilgileri ve data icermeyen bir POST request gönderildiginde dönen status code'in 422 oldugu ve response body'deki message bilgisinin ""The title field is required. (and 1 more error)"" oldugu dogrulanmali";;;;;;;;;;;;;;;;;;;;;;
;;;"/api/addCoursefaq endpoint'ine gecersiz (invalid token) authorization bilgileri ile dogru datalar (title, answer, webinar_id) iceren bir POST body gönderildiginde dönen status code'in 401 oldugu ve response body'deki message bilgisinin ""Unauthenticated."" oldugu dogrulanmali";;;;;;;;;;;;;;;;;;;;;;
;;;"API uzerinden olusturulmak istenen yeni course faq kaydinin olustugu API uzerinden dogrulanmali. 
(Response bodyde dönen Added Course Faq ID ile /api/coursefaq/{id} endpoint'ine GET request gönderilerek kayýt oluþturulduðu doðrulanabilir.)";;;;;;;;;;;;;;;;;;;;;;
;;;;;;;;;;;;;;;;;;;;;;;;;
;US_019;Bir yönetici olarak API baglantisi üzerinden belirtilen id numarasýna sahip course faq'in bilgilerini güncelleyebilmek istiyorum.;"/api/updateCoursefaq/{id} endpoint'ine gecerli authorization bilgileri ile dogru (id) ve dogru datalar (title, answer) iceren bir PATCH body gönderildiginde dönen status code'in 200, response body'deki remark bilgisinin ""success"" ve Message bilgisinin de ""Successfully Updated."" oldugu dogrulanmali.";High;;;Backend (API);;;;;;;;;;;;;;;;;;
;;;"/api/updateCoursefaq/{id} endpoint'ine gecerli authorization bilgileri ile dogru (id) ve data icermeyen bir PATCH request gönderildiginde dönen status code'in 203, response body'deki remark bilgisinin ""failed"" ve message bilgisinin de ""There is no information to update."" oldugu dogrulanmali.";;;;;;;;;;;;;;;;;;;;;;
;;;"/api/updateCoursefaq/{id} endpoint'ine gecerli authorization bilgileri ile kaydý olmayan bir (id) ve dogru datalar (title, answer) iceren bir PATCH body gönderildiginde dönen status code'in 203, response body'deki remark bilgisinin ""failed"" ve message bilgisinin de ""There is not course faq for this id."" oldugu, (id) icermeyen ve dogru datalar (title, answer) iceren bir PATCH body gönderildiginde de dönen status code'in 203, response body'deki remark bilgisinin ""failed"" ve message bilgisinin de ""No id"" oldugu dogrulanmali.";;;;;;;;;;;;;;;;;;;;;;
;;;"/api/updateCoursefaq/{id} endpoint'ine gecersiz (invalid token) authorization bilgileri ile dogru (id) ve dogru datalar (title, answer) iceren bir PATCH body gönderildiginde dönen status code'in 401 oldugu ve response body'deki message bilgisinin ""Unauthenticated."" oldugu dogrulanmali";;;;;;;;;;;;;;;;;;;;;;
;;;/api/updateCoursefaq/{id} endpoint'inden donen response body icindeki Updated Course Faq ID bilgisinin /api/updateCoursefaq/{id} endpoint'inde yazan id path parametresi ile ayni oldugu dogrulanmali.;;;;;;;;;;;;;;;;;;;;;;
;;;"API uzerinden güncellenmek istenen course faq kaydinin güncellendigi, API uzerinden dogrulanmali.
(Response body'de dönen Updated Course Faq ID ile /api/coursefaq/{id} endpoint'ine GET request gönderilerek kaydýn güncellendiði doðrulanabilir.)";;;;;;;;;;;;;;;;;;;;;;
;;;;;;;;;;;;;;;;;;;;;;;;;
;US_020;Bir yönetici olarak API baglantisi üzerinden belirtilen id numarasýna sahip course faq bilgilerini silebilmek istiyorum.;"/api/deleteCoursefaq/{id} endpoint'ine gecerli authorization bilgileri ve dogru (id) iceren bir DELETE request gönderildiginde dönen status code'in 200, response body'deki remark bilgisinin ""success"" ve Message bilgisinin de ""Successfully Deleted."" oldugu dogrulanmali.";High;;;Backend (API);;;;;;;;;;;;;;;;;;
;;;"/api/deleteCoursefaq/{id} endpoint'ine gecerli authorization bilgileri ve kaydý olmayan bir (id) iceren bir DELETE request gönderildiginde dönen status code'in 203, response body'deki remark bilgisinin ""failed"" ve message bilgisinin de ""There is not course faq for this id."" oldugu, (id) icermeyen bir DELETE request gönderildiginde de dönen status code'in 203, response body'deki remark bilgisinin ""failed"" ve message bilgisinin de ""No id"" oldugu dogrulanmali.";;;;;;;;;;;;;;;;;;;;;;
;;;"/api/deleteCoursefaq/{id} endpoint'ine gecersiz (invalid token) authorization bilgileri ile dogru (id) iceren bir DELETE request gönderildiginde dönen status code'in 401 oldugu ve response body'deki message bilgisinin ""Unauthenticated."" oldugu dogrulanmali";;;;;;;;;;;;;;;;;;;;;;
;;;/api/deleteCoursefaq/{id} endpoint'inden donen response body icindeki Deleted Course Faq ID bilgisinin /api/deleteCoursefaq/{id} endpoint'inde yazan id path parametresi ile ayni oldugu dogrulanmali.;;;;;;;;;;;;;;;;;;;;;;
;;;"API uzerinden silinmek istenen course faq kaydinin silindigi, API uzerinden dogrulanmali.
(Response body'de dönen Deleted Course Faq ID ile /api/coursefaq/{id} endpoint'ine GET request gönderilerek kaydýn silindiði doðrulanabilir.)";;;;;;;;;;;;;;;;;;;;;;
;;;;;;;;;;;;;;;;;;;;;;;;;
Product;US_021;Bir yönetici olarak API baðlantýsý üzerinden products'e eriþebilmek istiyorum.;"/api/products endpoint'ine gecerli authorization bilgileri ile bir GET request gönderildiginde dönen status code'in 200 ve response body'deki remark bilgisinin ""success"" oldugu dogrulanmali.";Medium;;;Backend (API);;;;;;;;;;;;;;;;;;
;;;id(x) olaninin response body'de donen bilgileri (creator_id, type, slug, category_id, price, point, unlimited_inventory, ordering, inventory, id, product_id, locale, title, seo_description, summary, description) doðrulanmalý.;;;;;;;;;;;;;;;;;;;;;;
;;;"/api/products endpoint'ine gecersiz (invalid token) authorization bilgileri ile bir GET request gönderildiginde dönen status code'in 401 ve response body'deki message bilgisinin ""Unauthenticated."" oldugu dogrulanmali.";;;;;;;;;;;;;;;;;;;;;;
;;;;;;;;;;;;;;;;;;;;;;;;;
;US_022;Bir yönetici olarak API baglantisi üzerinden belirtilen id numarasýna sahip product'in detaylý bilgilerine erisebilmeliyim.;"/api/product/{id} endpoint'ine gecerli authorization bilgileri ve dogru data (id) iceren bir GET request gönderildiginde dönen status code'in 200 ve response body'deki remark bilgisinin ""success"" oldugu dogrulanmali.";Low;;;Backend (API);;;;;;;;;;;;;;;;;;
;;;Response body icindeki list datalarýnýn (id, creator_id, type, slug, category_id, price, point, unlimited_inventory, ordering, inventory, id, product_id, locale, title, seo_description, summary, description) içerikleri doðrulanmali.;;;;;;;;;;;;;;;;;;;;;;
;;;"/api/product/{id} endpoint'ine gecerli authorization bilgileri ve kaydý olmayan bir (id) iceren bir GET request gönderildiginde dönen status code'in 203, response body'deki remark bilgisinin ""failed"" ve message bilgisinin de ""There is not product for this id."" oldugu, (id) icermeyen bir GET request gönderildiginde de dönen status code'un 203, response body'deki remark bilgisinin ""failed"" ve message bilgisinin de ""No id"" oldugu dogrulanmali.";;;;;;;;;;;;;;;;;;;;;;
;;;"/api/product/{id} endpoint'ine gecersiz (invalid token) authorization bilgileri ve dogru data (id) iceren bir GET request gönderildiginde dönen status code'in 401 ve response body'deki message bilgisinin ""Unauthenticated."" oldugu dogrulanmali.";;;;;;;;;;;;;;;;;;;;;;
;;;;;;;;;;;;;;;;;;;;;;;;;
;US_023;Bir yönetici olarak API baðlantýsý üzerinden yeni bir product kaydý olusturabilmek istiyorum.;"/api/addProduct endpoint'ine gecerli authorization bilgileri ve dogru datalar (type, price, category_id, title, summary, description) iceren bir POST body gönderildiginde dönen status code'in 200, response body'deki remark bilgisinin ""success"" ve Message bilgisinin de ""Successfully Added."" oldugu dogrulanmali.";High;;;Backend (API);;;;;;;;;;;;;;;;;;
;;;"/api/addProduct endpoint'ine gecerli authorization bilgileri ve data icermeyen bir POST request gönderildiginde dönen status code'in 422 oldugu ve response body'deki message bilgisinin ""The type field is required. (and 3 more errors)"" oldugu dogrulanmali";;;;;;;;;;;;;;;;;;;;;;
;;;"/api/addProduct endpoint'ine gecersiz (invalid token) authorization bilgileri ile dogru datalar (type, price, category_id, title, summary, description) iceren bir POST body gönderildiginde dönen status code'in 401 oldugu ve response body'deki message bilgisinin ""Unauthenticated."" oldugu dogrulanmali";;;;;;;;;;;;;;;;;;;;;;
;;;"API uzerinden olusturulmak istenen yeni product kaydinin olustugu API uzerinden dogrulanmali. 
(Response bodyde dönen Added Product ID ile /api/product/{id} endpoint'ine GET request gönderilerek kayýt oluþturulduðu doðrulanabilir.)";;;;;;;;;;;;;;;;;;;;;;
;;;;;;;;;;;;;;;;;;;;;;;;;
;US_024;Bir yönetici olarak API baglantisi üzerinden belirtilen id numarasýna sahip product'in bilgilerini güncelleyebilmek istiyorum.;"/api/updateProduct/{id} endpoint'ine gecerli authorization bilgileri ile dogru (id) ve dogru datalar (type, price, category_id, title, summary, description) iceren bir PATCH body gönderildiginde dönen status code'in 200, response body'deki remark bilgisinin ""success"" ve Message bilgisinin de ""Successfully Updated."" oldugu dogrulanmali.";High;;;Backend (API);;;;;;;;;;;;;;;;;;
;;;"/api/updateProduct/{id} endpoint'ine gecerli authorization bilgileri ile dogru (id) ve data icermeyen bir PATCH request gönderildiginde dönen status code'in 203, response body'deki remark bilgisinin ""failed"" ve message bilgisinin de ""There is no information to update."" oldugu dogrulanmali.";;;;;;;;;;;;;;;;;;;;;;
;;;"/api/updateProduct/{id} endpoint'ine gecerli authorization bilgileri ile kaydý olmayan bir (id) ve dogru datalar (type, price, category_id, title, summary, description) iceren bir PATCH body gönderildiginde dönen status code'in 203, response body'deki remark bilgisinin ""failed"" ve message bilgisinin de ""There is not product for this id."" oldugu, (id) icermeyen ve dogru datalar (type, price, category_id, title, summary, description) iceren bir PATCH body gönderildiginde de dönen status code'in 203, response body'deki remark bilgisinin ""failed"" ve message bilgisinin de ""No id"" oldugu dogrulanmali.";;;;;;;;;;;;;;;;;;;;;;
;;;"/api/updateProduct/{id} endpoint'ine gecersiz (invalid token) authorization bilgileri ile dogru (id) ve dogru datalar (type, price, category_id, title, summary, description) iceren bir PATCH body gönderildiginde dönen status code'in 401 oldugu ve response body'deki message bilgisinin ""Unauthenticated."" oldugu dogrulanmali";;;;;;;;;;;;;;;;;;;;;;
;;;/api/updateProduct/{id} endpoint'inden donen response body icindeki Updated Product ID bilgisinin /api/updateProduct/{id} endpoint'inde yazan id path parametresi ile ayni oldugu dogrulanmali.;;;;;;;;;;;;;;;;;;;;;;
;;;"API uzerinden güncellenmek istenen product kaydinin güncellendigi, API uzerinden dogrulanmali.
(Response body'de dönen Updated Product ID ile /api/product/{id} endpoint'ine GET request gönderilerek kaydýn güncellendiði doðrulanabilir.)";;;;;;;;;;;;;;;;;;;;;;
;;;;;;;;;;;;;;;;;;;;;;;;;
;US_025;Bir yönetici olarak API baglantisi üzerinden belirtilen id numarasýna sahip product bilgilerini silebilmek istiyorum.;"/api/deleteProduct/{id} endpoint'ine gecerli authorization bilgileri ve dogru (id) iceren bir DELETE request gönderildiginde dönen status code'in 200, response body'deki remark bilgisinin ""success"" ve Message bilgisinin de ""Successfully Deleted."" oldugu dogrulanmali.";High;;;Backend (API);;;;;;;;;;;;;;;;;;
;;;"/api/deleteProduct/{id} endpoint'ine gecerli authorization bilgileri ve kaydý olmayan bir (id) iceren bir DELETE request gönderildiginde dönen status code'in 203, response body'deki remark bilgisinin ""failed"" ve message bilgisinin de ""There is not product for this id."" oldugu, (id) icermeyen bir DELETE request gönderildiginde de dönen status code'in 203, response body'deki remark bilgisinin ""failed"" ve message bilgisinin de ""No id"" oldugu dogrulanmali.";;;;;;;;;;;;;;;;;;;;;;
;;;"/api/deleteProduct/{id} endpoint'ine gecersiz (invalid token) authorization bilgileri ile dogru (id) iceren bir DELETE request gönderildiginde dönen status code'in 401 oldugu ve response body'deki message bilgisinin ""Unauthenticated."" oldugu dogrulanmali";;;;;;;;;;;;;;;;;;;;;;
;;;/api/deleteProduct/{id} endpoint'inden donen response body icindeki Deleted Product Id bilgisinin /api/deleteProduct/{id} endpoint'inde yazan id path parametresi ile ayni oldugu dogrulanmali.;;;;;;;;;;;;;;;;;;;;;;
;;;"API uzerinden silinmek istenen product kaydinin silindigi, API uzerinden dogrulanmali.
(Response body'de dönen Deleted Product Id ile /api/product/{id} endpoint'ine GET request gönderilerek kaydýn silindiði doðrulanabilir.)";;;;;;;;;;;;;;;;;;;;;;
;;;;;;;;;;;;;;;;;;;;;;;;;
Product Categories;US_026;Bir yönetici olarak API baðlantýsý üzerinden product categories'e eriþebilmek istiyorum.;"/api/productCategories endpoint'ine gecerli authorization bilgileri ile bir GET request gönderildiginde dönen status code'in 200 ve response body'deki remark bilgisinin ""success"" oldugu dogrulanmali.";Medium;;;Backend (API);;;;;;;;;;;;;;;;;;
;;;id(x) olaninin response body'de donen bilgileri (parent_id, icon, order, title, id, product_category_id, locale, title) doðrulanmalý.;;;;;;;;;;;;;;;;;;;;;;
;;;"/api/productCategories endpoint'ine gecersiz (invalid token) authorization bilgileri ile bir GET request gönderildiginde dönen status code'in 401 ve response body'deki message bilgisinin ""Unauthenticated."" oldugu dogrulanmali.";;;;;;;;;;;;;;;;;;;;;;
;;;;;;;;;;;;;;;;;;;;;;;;;
;US_027;Bir yönetici olarak API baglantisi üzerinden belirtilen id numarasýna sahip product category'in detaylý bilgilerine erisebilmeliyim.;"/api/productCategory/{id} endpoint'ine gecerli authorization bilgileri ve dogru data (id) iceren bir GET request gönderildiginde dönen status code'in 200 ve response body'deki remark bilgisinin ""success"" oldugu dogrulanmali.";Low;;;Backend (API);;;;;;;;;;;;;;;;;;
;;;Response body icindeki list datalarýnýn (id, parent_id, icon, order, title, id, product_category_id, locale, title) içerikleri doðrulanmali.;;;;;;;;;;;;;;;;;;;;;;
;;;"/api/productCategory/{id} endpoint'ine gecerli authorization bilgileri ve kaydý olmayan bir (id) iceren bir GET request gönderildiginde dönen status code'in 203, response body'deki remark bilgisinin ""failed"" ve message bilgisinin de ""There is not product category for this id."" oldugu, (id) icermeyen bir GET request gönderildiginde de dönen status code'un 203, response body'deki remark bilgisinin ""failed"" ve message bilgisinin de ""No id"" oldugu dogrulanmali.";;;;;;;;;;;;;;;;;;;;;;
;;;"/api/productCategory/{id} endpoint'ine gecersiz (invalid token) authorization bilgileri ve dogru data (id) iceren bir GET request gönderildiginde dönen status code'in 401 ve response body'deki message bilgisinin ""Unauthenticated."" oldugu dogrulanmali.";;;;;;;;;;;;;;;;;;;;;;
;;;;;;;;;;;;;;;;;;;;;;;;;
;US_028;Bir yönetici olarak API baðlantýsý üzerinden yeni bir product category kaydý olusturabilmek istiyorum.;"/api/addProductCategory endpoint'ine gecerli authorization bilgileri ve dogru data (title) iceren bir POST body gönderildiginde dönen status code'in 200, response body'deki remark bilgisinin ""success"" ve Message bilgisinin de ""Successfully Added."" oldugu dogrulanmali.";High;;;Backend (API);;;;;;;;;;;;;;;;;;
;;;"/api/addProductCategory endpoint'ine gecerli authorization bilgileri ve data icermeyen bir POST request gönderildiginde dönen status code'in 422 oldugu ve response body'deki message bilgisinin ""The title field is required."" oldugu dogrulanmali";;;;;;;;;;;;;;;;;;;;;;
;;;"/api/addProductCategory endpoint'ine gecersiz (invalid token) authorization bilgileri ile dogru data (title) iceren bir POST body gönderildiginde dönen status code'in 401 oldugu ve response body'deki message bilgisinin ""Unauthenticated."" oldugu dogrulanmali";;;;;;;;;;;;;;;;;;;;;;
;;;"API uzerinden olusturulmak istenen yeni product category kaydinin olustugu API uzerinden dogrulanmali. 
(Response bodyde dönen Added Category ID ile /api/productCategory/{id} endpoint'ine GET request gönderilerek kayýt oluþturulduðu doðrulanabilir.)";;;;;;;;;;;;;;;;;;;;;;
;;;;;;;;;;;;;;;;;;;;;;;;;
;US_029;Bir yönetici olarak API baglantisi üzerinden belirtilen id numarasýna sahip product category'in bilgilerini güncelleyebilmek istiyorum.;"/api/updateProductCategory/{id} endpoint'ine gecerli authorization bilgileri ile dogru (id) ve dogru data (title) iceren bir PATCH body gönderildiginde dönen status code'in 200, response body'deki remark bilgisinin ""success"" ve Message bilgisinin de ""Successfully Updated."" oldugu dogrulanmali.";High;;;Backend (API);;;;;;;;;;;;;;;;;;
;;;"/api/updateProductCategory/{id} endpoint'ine gecerli authorization bilgileri ile dogru (id) ve data icermeyen bir PATCH request gönderildiginde dönen status code'in 203 ve response body'deki remark bilgisinin ""failed"" ve mesaj bilgisinin de ""There is no information to update."" oldugu dogrulanmali.";;;;;;;;;;;;;;;;;;;;;;
;;;"/api/updateProductCategory/{id} endpoint'ine gecerli authorization bilgileri ile kaydý olmayan bir (id) ve dogru data (title) iceren bir PATCH body gönderildiginde dönen status code'in 203, response body'deki remark bilgisinin ""failed"" ve message bilgisinin de ""There is not product category for this id."" oldugu, (id) icermeyen ve dogru data (title) iceren bir PATCH body gönderildiginde de dönen status code'in 203, response body'deki remark bilgisinin ""failed"" ve message bilgisinin de ""No id"" oldugu dogrulanmali.";;;;;;;;;;;;;;;;;;;;;;
;;;"/api/updateProductCategory/{id} endpoint'ine gecersiz (invalid token) authorization bilgileri ile dogru (id) ve dogru data (title) iceren bir PATCH body gönderildiginde dönen status code'in 401 oldugu ve response body'deki message bilgisinin ""Unauthenticated."" oldugu dogrulanmali";;;;;;;;;;;;;;;;;;;;;;
;;;/api/updateProductCategory/{id} endpoint'inden donen response body icindeki Updated Category Id bilgisinin /api/updateProductCategory/{id} endpoint'inde yazan id path parametresi ile ayni oldugu dogrulanmali.;;;;;;;;;;;;;;;;;;;;;;
;;;"API uzerinden güncellenmek istenen product category kaydinin güncellendigi, API uzerinden dogrulanmali.
(Response body'de dönen Updated Category Id ile /api/productCategory/{id} endpoint'ine GET request gönderilerek kaydýn güncellendiði doðrulanabilir.)";;;;;;;;;;;;;;;;;;;;;;
;;;;;;;;;;;;;;;;;;;;;;;;;
;US_030;Bir yönetici olarak API baglantisi üzerinden belirtilen id numarasýna sahip product category bilgilerini silebilmek istiyorum.;"/api/deleteProductCategory/{id} endpoint'ine gecerli authorization bilgileri ve dogru (id) iceren bir DELETE request gönderildiginde dönen status code'in 200, response body'deki remark bilgisinin ""success"" ve Message bilgisinin de ""Successfully Deleted."" oldugu dogrulanmali.";High;;;Backend (API);;;;;;;;;;;;;;;;;;
;;;"/api/deleteProductCategory/{id} endpoint'ine gecerli authorization bilgileri ve kaydý olmayan bir (id) iceren bir DELETE request gönderildiginde dönen status code'in 203, response body'deki remark bilgisinin ""failed"" ve message bilgisinin de ""There is not product category for this id."" oldugu, (id) icermeyen bir DELETE request gönderildiginde de dönen status code'in 203, response body'deki remark bilgisinin ""failed"" ve message bilgisinin de ""No id"" oldugu dogrulanmali.";;;;;;;;;;;;;;;;;;;;;;
;;;"/api/deleteProductCategory/{id} endpoint'ine gecersiz (invalid token) authorization bilgileri ile dogru (id) iceren bir DELETE request gönderildiginde dönen status code'in 401 oldugu ve response body'deki message bilgisinin ""Unauthenticated."" oldugu dogrulanmali";;;;;;;;;;;;;;;;;;;;;;
;;;/api/deleteProductCategory/{id} endpoint'inden donen response body icindeki Deleted Product Category Id bilgisinin /api/deleteProductCategory/{id} endpoint'inde yazan id path parametresi ile ayni oldugu dogrulanmali.;;;;;;;;;;;;;;;;;;;;;;
;;;"API uzerinden silinmek istenen product category kaydinin silindigi, API uzerinden dogrulanmali.
(Response body'de dönen Deleted Product Category Id ile /api/productCategory/{id} endpoint'ine GET request gönderilerek kaydýn silindiði doðrulanabilir.)";;;;;;;;;;;;;;;;;;;;;;
;;;;;;;;;;;;;;;;;;;;;;;;;
Product FAQ;US_031;Bir yönetici olarak API baðlantýsý üzerinden product faqs'e eriþebilmek istiyorum.;"/api/productfaqs endpoint'ine gecerli authorization bilgileri ile bir GET request gönderildiginde dönen status code'in 200 ve response body'deki remark bilgisinin ""success"" oldugu dogrulanmali.";Medium;;;Backend (API);;;;;;;;;;;;;;;;;;
;;;id(x) olaninin response body'de donen bilgileri (creator_id, product_id, order, created_at, title, answer, id, product_faq_id, locale, title, answer) doðrulanmalý.;;;;;;;;;;;;;;;;;;;;;;
;;;"/api/productfaqs endpoint'ine gecersiz (invalid token) authorization bilgileri ile bir GET request gönderildiginde dönen status code'in 401 ve response body'deki message bilgisinin ""Unauthenticated."" oldugu dogrulanmali.";;;;;;;;;;;;;;;;;;;;;;
;;;;;;;;;;;;;;;;;;;;;;;;;
;US_032;Bir yönetici olarak API baglantisi üzerinden belirtilen id numarasýna sahip product faq'in detaylý bilgilerine erisebilmeliyim.;"/api/productfaq/{id} endpoint'ine gecerli authorization bilgileri ve dogru data (id) iceren bir GET request gönderildiginde dönen status code'in 200 ve response body'deki remark bilgisinin ""success"" oldugu dogrulanmali.";Low;;;Backend (API);;;;;;;;;;;;;;;;;;
;;;Response body icindeki list datalarýnýn (id, creator_id, product_id, order, created_at, title, answer, id, product_faq_id, locale, title, answer) içerikleri doðrulanmali.;;;;;;;;;;;;;;;;;;;;;;
;;;"/api/productfaq/{id} endpoint'ine gecerli authorization bilgileri ve kaydý olmayan bir (id) iceren bir GET request gönderildiginde dönen status code'in 203, response body'deki remark bilgisinin ""failed"" ve message bilgisinin de ""There is not product faq for this id."" oldugu, (id) icermeyen bir GET request gönderildiginde de dönen status code'un 203, response body'deki remark bilgisinin ""failed"" ve message bilgisinin de ""No id"" oldugu dogrulanmali.";;;;;;;;;;;;;;;;;;;;;;
;;;"/api/productfaq/{id} endpoint'ine gecersiz (invalid token) authorization bilgileri ve dogru data (id) iceren bir GET request gönderildiginde dönen status code'in 401 ve response body'deki message bilgisinin ""Unauthenticated."" oldugu dogrulanmali.";;;;;;;;;;;;;;;;;;;;;;
;;;;;;;;;;;;;;;;;;;;;;;;;
;US_033;Bir yönetici olarak API baðlantýsý üzerinden yeni bir product faq kaydý olusturabilmek istiyorum.;"/api/addProductfaq endpoint'ine gecerli authorization bilgileri ve dogru datalar (title, answer, product_id) iceren bir POST body gönderildiginde dönen status code'in 200, response body'deki remark bilgisinin ""success"" ve Message bilgisinin de ""Successfully Added."" oldugu dogrulanmali.";High;;;Backend (API);;;;;;;;;;;;;;;;;;
;;;"/api/addProductfaq endpoint'ine gecerli authorization bilgileri ve data icermeyen bir POST request gönderildiginde dönen status code'in 422 oldugu ve response body'deki message bilgisinin ""The product id field is required. (and 2 more errors)"" oldugu dogrulanmali";;;;;;;;;;;;;;;;;;;;;;
;;;"/api/addProductfaq endpoint'ine gecersiz (invalid token) authorization bilgileri ile dogru datalar (title, answer, product_id) iceren bir POST body gönderildiginde dönen status code'in 401 oldugu ve response body'deki message bilgisinin ""Unauthenticated."" oldugu dogrulanmali";;;;;;;;;;;;;;;;;;;;;;
;;;"API uzerinden olusturulmak istenen yeni product faq kaydinin olustugu API uzerinden dogrulanmali. 
(Response bodyde dönen Added Product Faq ID ile /api/productfaq/{id} endpoint'ine GET request gönderilerek kayýt oluþturulduðu doðrulanabilir.)";;;;;;;;;;;;;;;;;;;;;;
;;;;;;;;;;;;;;;;;;;;;;;;;
;US_034;Bir yönetici olarak API baglantisi üzerinden belirtilen id numarasýna sahip product faq'in bilgilerini güncelleyebilmek istiyorum.;"/api/updateProductfaq/{id} endpoint'ine gecerli authorization bilgileri ile dogru (id) ve dogru datalar (title, answer, product_id) iceren bir PATCH body gönderildiginde dönen status code'in 200, response body'deki remark bilgisinin ""success"" ve Message bilgisinin de ""Successfully Updated."" oldugu dogrulanmali.";High;;;Backend (API);;;;;;;;;;;;;;;;;;
;;;"/api/updateProductfaq/{id} endpoint'ine gecerli authorization bilgileri ile dogru (id) ve data icermeyen bir PATCH request gönderildiginde dönen status code'in 203, response body'deki remark bilgisinin ""failed"" ve message bilgisinin de ""There is no information to update."" oldugu dogrulanmali.";;;;;;;;;;;;;;;;;;;;;;
;;;"/api/updateProductfaq/{id} endpoint'ine gecerli authorization bilgileri ile kaydý olmayan bir (id) ve dogru datalar (title, answer, product_id) iceren bir PATCH body gönderildiginde dönen status code'in 203, response body'deki remark bilgisinin ""failed"" ve message bilgisinin de ""There is not product faq for this id."" oldugu, (id) icermeyen ve dogru datalar (title, answer, product_id) iceren bir PATCH body gönderildiginde de  dönen status code'in 203, response body'deki remark bilgisinin ""failed"" ve message bilgisinin de ""No id"" oldugu dogrulanmali.";;;;;;;;;;;;;;;;;;;;;;
;;;"/api/updateProductfaq/{id} endpoint'ine gecersiz (invalid token) authorization bilgileri ile dogru (id) ve dogru datalar (title, answer, product_id) iceren bir PATCH body gönderildiginde dönen status code'in 401 oldugu ve response body'deki message bilgisinin ""Unauthenticated."" oldugu dogrulanmali";;;;;;;;;;;;;;;;;;;;;;
;;;/api/updateProductfaq/{id} endpoint'inden donen response body icindeki updated Product Faq ID bilgisinin /api/updateProductfaq/{id} endpoint'inde yazan id path parametresi ile ayni oldugu dogrulanmali.;;;;;;;;;;;;;;;;;;;;;;
;;;"API uzerinden güncellenmek istenen product faq kaydinin güncellendigi, API uzerinden dogrulanmali.
(Response body'de dönen updated Product Faq ID ile /api/productfaq/{id} endpoint'ine GET request gönderilerek kaydýn güncellendiði doðrulanabilir.)";;;;;;;;;;;;;;;;;;;;;;
;;;;;;;;;;;;;;;;;;;;;;;;;
;US_035;Bir yönetici olarak API baglantisi üzerinden belirtilen id numarasýna sahip product faq bilgilerini silebilmek istiyorum.;"/api/deleteProductfaq/{id} endpoint'ine gecerli authorization bilgileri ve dogru (id) iceren bir DELETE request gönderildiginde dönen status code'in 200, response body'deki remark bilgisinin ""success"" ve Message bilgisinin de ""Successfully Deleted."" oldugu dogrulanmali.";High;;;Backend (API);;;;;;;;;;;;;;;;;;
;;;"/api/deleteProductfaq/{id} endpoint'ine gecerli authorization bilgileri ve kaydý olmayan bir (id) iceren bir DELETE request gönderildiginde dönen status code'in 203, response body'deki remark bilgisinin ""failed"" ve message bilgisinin de ""There is not product faq for this id."" oldugu, (id) icermeyen bir DELETE request gönderildiginde de dönen status code'in 203, response body'deki remark bilgisinin ""failed"" ve message bilgisinin de ""No id"" oldugu dogrulanmali.";;;;;;;;;;;;;;;;;;;;;;
;;;"/api/deleteProductfaq/{id} endpoint'ine gecersiz (invalid token) authorization bilgileri ile dogru (id) iceren bir DELETE request gönderildiginde dönen status code'in 401 oldugu ve response body'deki message bilgisinin ""Unauthenticated."" oldugu dogrulanmali";;;;;;;;;;;;;;;;;;;;;;
;;;/api/deleteProductfaq/{id} endpoint'inden donen response body icindeki Deleted Product Faq ID bilgisinin /api/deleteProductfaq/{id} endpoint'inde yazan id path parametresi ile ayni oldugu dogrulanmali.;;;;;;;;;;;;;;;;;;;;;;
;;;"API uzerinden silinmek istenen product faq kaydinin silindigi, API uzerinden dogrulanmali.
(Response body'de dönen Deleted Product Faq ID ile /api/productfaq/{id} endpoint'ine GET request gönderilerek kaydýn silindiði doðrulanabilir.)";;;;;;;;;;;;;;;;;;;;;;
;;;;;;;;;;;;;;;;;;;;;;;;;
Blogs;US_036;Bir yönetici olarak API baðlantýsý üzerinden blogs'a eriþebilmek istiyorum.;"/api/blogs endpoint'ine gecerli authorization bilgileri ile bir GET request gönderildiginde dönen status code'in 200 ve response body'deki remark bilgisinin ""success"" oldugu dogrulanmali.";Medium;;;Backend (API);;;;;;;;;;;;;;;;;;
;;;id(x) olaninin response body'de donen bilgileri (category_id, author_id, slug, image, visit_count, enable_comment, status, created_at, updated_at, comments_count) doðrulanmalý.;;;;;;;;;;;;;;;;;;;;;;
;;;"/api/blogs endpoint'ine gecersiz (invalid token) authorization bilgileri ile bir GET request gönderildiginde dönen status code'in 401 ve response body'deki message bilgisinin ""Unauthenticated."" oldugu dogrulanmali.";;;;;;;;;;;;;;;;;;;;;;
;;;;;;;;;;;;;;;;;;;;;;;;;
;US_037;Bir yönetici olarak API baglantisi üzerinden belirtilen id numarasýna sahip blog'un detaylý bilgilerine erisebilmeliyim.;"/api/blog/{id} endpoint'ine gecerli authorization bilgileri ve dogru data (id) iceren bir GET request gönderildiginde dönen status code'in 200 ve response body'deki remark bilgisinin ""success"" oldugu dogrulanmali.";Low;;;Backend (API);;;;;;;;;;;;;;;;;;
;;;Response body icindeki list datalarýnýn (id, category_id, author_id, slug, image, visit_count, enable_comment, status, created_at, updated_at, id, blog_id, locale, title) içerikleri doðrulanmali.;;;;;;;;;;;;;;;;;;;;;;
;;;"/api/blog/{id} endpoint'ine gecerli authorization bilgileri ve kaydý olmayan bir (id) iceren bir GET request gönderildiginde dönen status code'in 203, response body'deki remark bilgisinin ""failed"" ve message bilgisinin de ""There is not blog for this id."" oldugu, (id) icermeyen bir GET request gönderildiginde de dönen status code'un 203, response body'deki remark bilgisinin ""failed"" ve message bilgisinin de ""No id"" oldugu dogrulanmali.";;;;;;;;;;;;;;;;;;;;;;
;;;"/api/blog/{id} endpoint'ine gecersiz (invalid token) authorization bilgileri ve dogru data (id) iceren bir GET request gönderildiginde dönen status code'in 401 ve response body'deki message bilgisinin ""Unauthenticated."" oldugu dogrulanmali.";;;;;;;;;;;;;;;;;;;;;;
;;;;;;;;;;;;;;;;;;;;;;;;;
;US_038;Bir yönetici olarak API baðlantýsý üzerinden yeni bir blog kaydý olusturabilmek istiyorum.;"/api/addBlog endpoint'ine gecerli authorization bilgileri ve dogru datalar (title, category_id, description, content) iceren bir POST body gönderildiginde dönen status code'in 200, response body'deki remark bilgisinin ""success"" ve Message bilgisinin de ""Successfully Added."" oldugu dogrulanmali.";High;;;Backend (API);;;;;;;;;;;;;;;;;;
;;;"/api/addBlog endpoint'ine gecerli authorization bilgileri ve data icermeyen bir POST request gönderildiginde dönen status code'in 422 oldugu ve response body'deki message bilgisinin ""The title field is required. (and 3 more errors)"" oldugu dogrulanmali";;;;;;;;;;;;;;;;;;;;;;
;;;"/api/addBlog endpoint'ine gecersiz (invalid token) authorization bilgileri ile dogru datalar (title, category_id, description, content) iceren bir POST body gönderildiginde dönen status code'in 401 oldugu ve response body'deki message bilgisinin ""Unauthenticated."" oldugu dogrulanmali";;;;;;;;;;;;;;;;;;;;;;
;;;"API uzerinden olusturulmak istenen yeni blog kaydinin olustugu API uzerinden dogrulanmali. 
(Response bodyde dönen Added Blog ID ile /api/blog/{id} endpoint'ine GET request gönderilerek kayýt oluþturulduðu doðrulanabilir.)";;;;;;;;;;;;;;;;;;;;;;
;;;;;;;;;;;;;;;;;;;;;;;;;
;US_039;Bir yönetici olarak API baglantisi üzerinden belirtilen id numarasýna sahip blog'un bilgilerini güncelleyebilmek istiyorum.;"/api/updateBlog/{id} endpoint'ine gecerli authorization bilgileri ile dogru (id) ve dogru datalar (title, category_id, description, content) iceren bir PATCH body gönderildiginde dönen status code'in 200, response body'deki remark bilgisinin ""success"" ve Message bilgisinin de ""Successfully Updated."" oldugu dogrulanmali.";High;;;Backend (API);;;;;;;;;;;;;;;;;;
;;;"/api/updateBlog/{id} endpoint'ine gecerli authorization bilgileri ile dogru (id) ve data icermeyen bir PATCH request gönderildiginde dönen status code'in 203, response body'deki remark bilgisinin ""failed"" ve message bilgisinin de ""There is no information to update."" oldugu dogrulanmali.";;;;;;;;;;;;;;;;;;;;;;
;;;"/api/updateBlog/{id} endpoint'ine gecerli authorization bilgileri ile kaydý olmayan bir (id) ve dogru datalar (title, category_id, description, content) iceren bir PATCH body gönderildiginde dönen status code'in 203, response body'deki remark bilgisinin ""failed"" ve message bilgisinin de ""There is not blog for this id."" oldugu, (id) icermeyen ve dogru datalar (title, category_id, description, content) iceren bir PATCH body gönderildiginde de dönen status code'in 203, response body'deki remark bilgisinin ""failed"" ve message bilgisinin de ""No id"" oldugu dogrulanmali.";;;;;;;;;;;;;;;;;;;;;;
;;;"/api/updateBlog/{id} endpoint'ine gecersiz (invalid token) authorization bilgileri ile dogru (id) ve dogru datalar (title, category_id, description, content) iceren bir PATCH body gönderildiginde dönen status code'in 401 oldugu ve response body'deki message bilgisinin ""Unauthenticated."" oldugu dogrulanmali";;;;;;;;;;;;;;;;;;;;;;
;;;/api/updateBlog/{id} endpoint'inden donen response body icindeki Updated Blog Id bilgisinin /api/updateBlog/{id} endpoint'inde yazan id path parametresi ile ayni oldugu dogrulanmali.;;;;;;;;;;;;;;;;;;;;;;
;;;"API uzerinden güncellenmek istenen blog kaydinin güncellendigi, API uzerinden dogrulanmali.
(Response body'de dönen Updated Blog Id ile /api/blog/{id} endpoint'ine GET request gönderilerek kaydýn güncellendiði doðrulanabilir.)";;;;;;;;;;;;;;;;;;;;;;
;;;;;;;;;;;;;;;;;;;;;;;;;
;US_040;Bir yönetici olarak API baglantisi üzerinden belirtilen id numarasýna sahip blog bilgilerini silebilmek istiyorum.;"/api/deleteBlog/{id} endpoint'ine gecerli authorization bilgileri ve dogru (id) iceren bir DELETE request gönderildiginde dönen status code'in 200, response body'deki remark bilgisinin ""success"" ve Message bilgisinin de ""Successfully Deleted."" oldugu dogrulanmali.";High;;;Backend (API);;;;;;;;;;;;;;;;;;
;;;"/api/deleteBlog/{id} endpoint'ine gecerli authorization bilgileri ve kaydý olmayan bir (id) iceren bir DELETE request gönderildiginde dönen status code'in 203, response body'deki remark bilgisinin ""failed"" ve message bilgisinin de ""There is not blog for this id."" oldugu, (id) icermeyen bir DELETE request gönderildiginde de dönen status code'in 203, response body'deki remark bilgisinin ""failed"" ve message bilgisinin de ""No id"" oldugu dogrulanmali.";;;;;;;;;;;;;;;;;;;;;;
;;;"/api/deleteBlog/{id} endpoint'ine gecersiz (invalid token) authorization bilgileri ile dogru (id) iceren bir DELETE request gönderildiginde dönen status code'in 401 oldugu ve response body'deki message bilgisinin ""Unauthenticated."" oldugu dogrulanmali";;;;;;;;;;;;;;;;;;;;;;
;;;/api/deleteBlog/{id} endpoint'inden donen response body icindeki Deleted Blog Id bilgisinin /api/deleteBlog/{id} endpoint'inde yazan id path parametresi ile ayni oldugu dogrulanmali.;;;;;;;;;;;;;;;;;;;;;;
;;;"API uzerinden silinmek istenen blog kaydinin silindigi, API uzerinden dogrulanmali.
(Response body'de dönen Deleted Blog Id ile /api/blog/{id} endpoint'ine GET request gönderilerek kaydýn silindiði doðrulanabilir.)";;;;;;;;;;;;;;;;;;;;;;
;;;;;;;;;;;;;;;;;;;;;;;;;
"
Blogs Categories";US_041;Bir yönetici olarak API baðlantýsý üzerinden blog categories'e eriþebilmek istiyorum.;"/api/blogCategories endpoint'ine gecerli authorization bilgileri ile bir GET request gönderildiginde dönen status code'in 200 ve response body'deki remark bilgisinin ""success"" oldugu dogrulanmali.";Medium;;;Backend (API);;;;;;;;;;;;;;;;;;
;;;id(x) olaninin response body'de donen bilgileri (title, slug, blog_count) doðrulanmalý.;;;;;;;;;;;;;;;;;;;;;;
;;;"/api/blogCategories endpoint'ine gecersiz (invalid token) authorization bilgileri ile bir GET request gönderildiginde dönen status code'in 401 ve response body'deki message bilgisinin ""Unauthenticated."" oldugu dogrulanmali.";;;;;;;;;;;;;;;;;;;;;;
;;;;;;;;;;;;;;;;;;;;;;;;;
;US_042;Bir yönetici olarak API baglantisi üzerinden belirtilen id numarasýna sahip blog category'nin detaylý bilgilerine erisebilmeliyim.;"/api/blogCategory/{id} endpoint'ine gecerli authorization bilgileri ve dogru data (id) iceren bir GET request gönderildiginde dönen status code'in 200 ve response body'deki remark bilgisinin ""success"" oldugu dogrulanmali.";Low;;;Backend (API);;;;;;;;;;;;;;;;;;
;;;Response body icindeki list datalarýnýn (id, title, slug) içerikleri doðrulanmali.;;;;;;;;;;;;;;;;;;;;;;
;;;"/api/blogCategory/{id} endpoint'ine gecerli authorization bilgileri ve kaydý olmayan bir (id) iceren bir GET request gönderildiginde dönen status code'in 203, response body'deki remark bilgisinin ""failed"" ve message bilgisinin de ""There is not category for this id."" oldugu, (id) icermeyen bir GET request gönderildiginde de dönen status code'un 203, response body'deki remark bilgisinin ""failed"" ve message bilgisinin de ""No id"" oldugu dogrulanmali.";;;;;;;;;;;;;;;;;;;;;;
;;;"/api/blogCategory/{id} endpoint'ine gecersiz (invalid token) authorization bilgileri ve dogru data (id) iceren bir GET request gönderildiginde dönen status code'in 401 ve response body'deki message bilgisinin ""Unauthenticated."" oldugu dogrulanmali.";;;;;;;;;;;;;;;;;;;;;;
;;;;;;;;;;;;;;;;;;;;;;;;;
;US_043;Bir yönetici olarak API baðlantýsý üzerinden yeni bir blog category kaydý olusturabilmek istiyorum.;"/api/addBlogCategory endpoint'ine gecerli authorization bilgileri ve dogru data (title) iceren bir POST body gönderildiginde dönen status code'in 200, response body'deki remark bilgisinin ""success"" ve Message bilgisinin de ""Successfully Added."" oldugu dogrulanmali.";High;;;Backend (API);;;;;;;;;;;;;;;;;;
;;;"/api/addBlogCategory endpoint'ine gecerli authorization bilgileri ve data icermeyen bir POST request gönderildiginde dönen status code'in 422 oldugu ve response body'deki message bilgisinin ""The title field is required."" oldugu, daha önce kullanýlmýþ title (title) iceren bir POST body gönderildiginde de dönen status code'in 422, olduðu ve message bilgisinin de ""The title has already been taken."" oldugu dogrulanmali.";;;;;;;;;;;;;;;;;;;;;;
;;;"/api/addBlogCategory endpoint'ine gecersiz (invalid token) authorization bilgileri ile dogru data (title) iceren bir POST body gönderildiginde dönen status code'in 401 oldugu ve response body'deki message bilgisinin ""Unauthenticated."" oldugu dogrulanmali";;;;;;;;;;;;;;;;;;;;;;
;;;"API uzerinden olusturulmak istenen yeni blog category kaydinin olustugu API uzerinden dogrulanmali. 
(Response bodyde dönen Added Blog Category ID ile /api/blogCategory/{id} endpoint'ine GET request gönderilerek kayýt oluþturulduðu doðrulanabilir.)";;;;;;;;;;;;;;;;;;;;;;
;;;;;;;;;;;;;;;;;;;;;;;;;
;US_044;Bir yönetici olarak API baglantisi üzerinden belirtilen id numarasýna sahip blog category'in bilgilerini güncelleyebilmek istiyorum.;"/api/updateBlogCategory/{id} endpoint'ine gecerli authorization bilgileri ile dogru (id) ve dogru data (title) iceren bir PATCH body gönderildiginde dönen status code'in 200, response body'deki remark bilgisinin ""success"" ve Message bilgisinin de ""Successfully Updated."" oldugu dogrulanmali.";High;;;Backend (API);;;;;;;;;;;;;;;;;;
;;;"/api/updateBlogCategory/{id} endpoint'ine gecerli authorization bilgileri ile dogru (id) ve data icermeyen bir PATCH request gönderildiginde dönen status code'in 203, response body'deki remark bilgisinin ""failed"" ve message bilgisinin de ""There is no information to update."" oldugu dogrulanmali.";;;;;;;;;;;;;;;;;;;;;;
;;;"/api/updateBlogCategory/{id} endpoint'ine gecerli authorization bilgileri ile kaydý olmayan bir (id) ve dogru data (title) iceren bir PATCH body gönderildiginde dönen status code'in 203, response body'deki remark bilgisinin ""failed"" ve message bilgisinin de ""There is not category for this id."" oldugu, (id) icermeyen ve dogru data (title) iceren bir PATCH body gönderildiginde de dönen status code'in 203, response body'deki remark bilgisinin ""failed"" ve message bilgisinin de ""No id"" oldugu dogrulanmali.";;;;;;;;;;;;;;;;;;;;;;
;;;"/api/updateBlogCategory/{id} endpoint'ine gecersiz (invalid token) authorization bilgileri ile dogru (id) ve dogru data (title) iceren bir PATCH body gönderildiginde dönen status code'in 401 oldugu ve response body'deki message bilgisinin ""Unauthenticated."" oldugu dogrulanmali";;;;;;;;;;;;;;;;;;;;;;
;;;/api/updateBlogCategory/{id} endpoint'inden donen response body icindeki Updated Blog Category ID bilgisinin /api/updateBlogCategory/{id} endpoint'inde yazan id path parametresi ile ayni oldugu dogrulanmali.;;;;;;;;;;;;;;;;;;;;;;
;;;"API uzerinden güncellenmek istenen blog category kaydinin güncellendigi, API uzerinden dogrulanmali.
(Response body'de dönen Updated Blog Category ID ile /api/blogCategory/{id} endpoint'ine GET request gönderilerek kaydýn güncellendiði doðrulanabilir.)";;;;;;;;;;;;;;;;;;;;;;
;;;;;;;;;;;;;;;;;;;;;;;;;
;US_045;Bir yönetici olarak API baglantisi üzerinden belirtilen id numarasýna sahip blog category bilgilerini silebilmek istiyorum.;"/api/deleteBlogCategory/{id} endpoint'ine gecerli authorization bilgileri ve dogru (id) iceren bir DELETE request gönderildiginde dönen status code'in 200, response body'deki remark bilgisinin ""success"" ve Message bilgisinin de ""Successfully Deleted."" oldugu dogrulanmali.";High;;;Backend (API);;;;;;;;;;;;;;;;;;
;;;"/api/deleteBlogCategory/{id} endpoint'ine gecerli authorization bilgileri ve kaydý olmayan bir (id) iceren bir DELETE request gönderildiginde dönen status code'in 203, response body'deki remark bilgisinin ""failed"" ve message bilgisinin de ""There is not category for this id."" oldugu, (id) icermeyen bir DELETE request gönderildiginde de dönen status code'in 203, response body'deki remark bilgisinin ""failed"" ve message bilgisinin de ""No id"" oldugu dogrulanmali.";;;;;;;;;;;;;;;;;;;;;;
;;;"/api/deleteBlogCategory/{id} endpoint'ine gecersiz (invalid token) authorization bilgileri ile dogru (id) iceren bir DELETE request gönderildiginde dönen status code'in 401 oldugu ve response body'deki message bilgisinin ""Unauthenticated."" oldugu dogrulanmali";;;;;;;;;;;;;;;;;;;;;;
;;;/api/deleteBlogCategory/{id} endpoint'inden donen response body icindeki Deleted Blog Category Id bilgisinin /api/deleteBlogCategory/{id} endpoint'inde yazan id path parametresi ile ayni oldugu dogrulanmali.;;;;;;;;;;;;;;;;;;;;;;
;;;"API uzerinden silinmek istenen blog category kaydinin silindigi, API uzerinden dogrulanmali.
(Response body'de dönen Deleted Blog Category Id ile /api/blogCategory/{id} endpoint'ine GET request gönderilerek kaydýn silindiði doðrulanabilir.)";;;;;;;;;;;;;;;;;;;;;;
;;;;;;;;;;;;;;;;;;;;;;;;;
Coupons;US_046;Bir yönetici olarak API baðlantýsý üzerinden coupons'a eriþebilmek istiyorum.;"/api/coupons endpoint'ine gecerli authorization bilgileri ile bir GET request gönderildiginde dönen status code'in 200 ve response body'deki remark bilgisinin ""success"" oldugu dogrulanmali.";Medium;;;Backend (API);;;;;;;;;;;;;;;;;;
;;;id(x) olaninin response body'de donen bilgileri (creator_id, title, discount_type, source, code, percent, amount, max_amount, minimum_order, count, user_type, product_type, for_first_purchase, status, expired_at, created_at) doðrulanmalý.;;;;;;;;;;;;;;;;;;;;;;
;;;"/api/coupons endpoint'ine gecersiz (invalid token) authorization bilgileri ile bir GET request gönderildiginde dönen status code'in 401 ve response body'deki message bilgisinin ""Unauthenticated."" oldugu dogrulanmali.";;;;;;;;;;;;;;;;;;;;;;
;;;;;;;;;;;;;;;;;;;;;;;;;
;US_047;Bir yönetici olarak API baglantisi üzerinden belirtilen id numarasýna sahip coupon'un detaylý bilgilerine erisebilmeliyim.;"/api/coupon/{id} endpoint'ine gecerli authorization bilgileri ve dogru data (id) iceren bir GET request gönderildiginde dönen status code'in 200 ve response body'deki remark bilgisinin ""success"" oldugu dogrulanmali.";Low;;;Backend (API);;;;;;;;;;;;;;;;;;
;;;Response body icindeki list datalarýnýn (id, creator_id, title, discount_type, source, code, percent, amount, max_amount, minimum_order, count, user_type, product_type, for_first_purchase, status, expired_at, created_at) içerikleri doðrulanmali.;;;;;;;;;;;;;;;;;;;;;;
;;;"/api/coupon/{id} endpoint'ine gecerli authorization bilgileri ve kaydý olmayan bir (id) iceren bir GET request gönderildiginde dönen status code'in 203, response body'deki remark bilgisinin ""failed"" ve message bilgisinin de ""There is not coupon for this id."" oldugu, (id) icermeyen bir GET request gönderildiginde de dönen status code'un 203, response body'deki remark bilgisinin ""failed"" ve message bilgisinin de ""No id"" oldugu dogrulanmali.";;;;;;;;;;;;;;;;;;;;;;
;;;"/api/coupon/{id} endpoint'ine gecersiz (invalid token) authorization bilgileri ve dogru data (id) iceren bir GET request gönderildiginde dönen status code'in 401 ve response body'deki message bilgisinin ""Unauthenticated."" oldugu dogrulanmali.";;;;;;;;;;;;;;;;;;;;;;
;;;;;;;;;;;;;;;;;;;;;;;;;
;US_048;Bir yönetici olarak API baðlantýsý üzerinden yeni bir coupon kaydý olusturabilmek istiyorum.;"/api/addCoupon endpoint'ine gecerli authorization bilgileri ve dogru datalar (title, discount_type, source, code, percent, amount, max_amount, minimum_order, count, product_type, for_first_purchase, expired_at) iceren bir POST body gönderildiginde dönen status code'in 200, response body'deki remark bilgisinin ""success"" ve Message bilgisinin de ""Successfully Added."" oldugu dogrulanmali.";High;;;Backend (API);;;;;;;;;;;;;;;;;;
;;;"/api/addCoupon endpoint'ine gecerli authorization bilgileri ve ayný kod (code) iceren bir POST body (title, discount_type, source, code, percent, amount, max_amount, minimum_order, count, product_type, for_first_purchase, expired_at) gönderildiginde dönen status code'in 422 oldugu ve response body'deki message bilgisinin ""The code has already been taken."" oldugu, data icermeyen bir POST request gönderildiginde dönen status code'in 422 oldugu ve response body'deki message bilgisinin ""The title field is required. (and 4 more errors)"" oldugu dogrulanmali";;;;;;;;;;;;;;;;;;;;;;
;;;"/api/addCoupon endpoint'ine gecersiz (invalid token) authorization bilgileri ile dogru datalar (title, discount_type, source, code, percent, amount, max_amount, minimum_order, count, product_type, for_first_purchase, expired_at) iceren bir POST body gönderildiginde dönen status code'in 401 oldugu ve response body'deki message bilgisinin ""Unauthenticated."" oldugu dogrulanmali";;;;;;;;;;;;;;;;;;;;;;
;;;"API uzerinden olusturulmak istenen yeni coupon kaydinin olustugu API uzerinden dogrulanmali. 
(Response bodyde dönen Added Coupon IDile /api/coupon/{id} endpoint'ine GET request gönderilerek kayýt oluþturulduðu doðrulanabilir.)";;;;;;;;;;;;;;;;;;;;;;
;;;;;;;;;;;;;;;;;;;;;;;;;
;US_049;Bir yönetici olarak API baglantisi üzerinden belirtilen id numarasýna sahip coupon'un bilgilerini güncelleyebilmek istiyorum.;"/api/updateCoupon/{id} endpoint'ine gecerli authorization bilgileri ile dogru (id) ve dogru datalar (title, discount_type, source, percent, amount, max_amount, minimum_order, count, product_type, for_first_purchase) iceren bir PATCH body gönderildiginde dönen status code'in 200, response body'deki remark bilgisinin ""success"" ve Message bilgisinin de ""Successfully Updated."" oldugu dogrulanmali.";High;;;Backend (API);;;;;;;;;;;;;;;;;;
;;;"/api/updateCoupon/{id} endpoint'ine gecerli authorization bilgileri ile dogru (id) ve data icermeyen bir PATCH request gönderildiginde dönen status code'in 203, response body'deki remark bilgisinin ""failed"" ve message bilgisinin de ""There is no information to update."" oldugu dogrulanmali.";;;;;;;;;;;;;;;;;;;;;;
;;;"/api/updateCoupon/{id} endpoint'ine gecerli authorization bilgileri ile kaydý olmayan bir (id) ve dogru datalar (title, discount_type, source, percent, amount, max_amount, minimum_order, count, product_type, for_first_purchase) iceren bir PATCH body gönderildiginde dönen status code'in 203, response body'deki remark bilgisinin ""failed"" ve message bilgisinin de ""There is not coupon for this id."" oldugu, (id) icermeyen ve dogru datalar (title, discount_type, source, percent, amount, max_amount, minimum_order, count, product_type, for_first_purchase) iceren bir PATCH body gönderildiginde de dönen status code'in 203, response body'deki remark bilgisinin ""failed"" ve message bilgisinin de ""No id"" oldugu dogrulanmali.";;;;;;;;;;;;;;;;;;;;;;
;;;"/api/updateCoupon/{id} endpoint'ine gecersiz (invalid token) authorization bilgileri ile dogru (id) ve dogru datalar (title, discount_type, source, percent, amount, max_amount, minimum_order, count, product_type, for_first_purchase) iceren bir PATCH body gönderildiginde dönen status code'in 401 oldugu ve response body'deki message bilgisinin ""Unauthenticated."" oldugu dogrulanmali";;;;;;;;;;;;;;;;;;;;;;
;;;/api/updateCoupon/{id} endpoint'inden donen response body icindeki Updated Coupon ID bilgisinin /api/updateCoupon/{id} endpoint'inde yazan id path parametresi ile ayni oldugu dogrulanmali.;;;;;;;;;;;;;;;;;;;;;;
;;;"API uzerinden güncellenmek istenen coupon kaydinin güncellendigi, API uzerinden dogrulanmali.
(Response body'de dönen Updated Coupon ID ile /api/coupon/{id} endpoint'ine GET request gönderilerek kaydýn güncellendiði doðrulanabilir.)";;;;;;;;;;;;;;;;;;;;;;
;;;;;;;;;;;;;;;;;;;;;;;;;
;US_050;Bir yönetici olarak API baglantisi üzerinden belirtilen id numarasýna sahip coupon bilgilerini silebilmek istiyorum.;"/api/deleteCoupon/{id} endpoint'ine gecerli authorization bilgileri ve dogru (id) iceren bir DELETE request gönderildiginde dönen status code'in 200, response body'deki remark bilgisinin ""success"" ve Message bilgisinin de ""Successfully Deleted."" oldugu dogrulanmali.";High;;;Backend (API);;;;;;;;;;;;;;;;;;
;;;"/api/deleteCoupon/{id} endpoint'ine gecerli authorization bilgileri ve kaydý olmayan bir (id) iceren bir DELETE request gönderildiginde dönen status code'in 203, response body'deki remark bilgisinin ""failed"" ve message bilgisinin de ""There is not coupon for this id."" oldugu, (id) icermeyen bir DELETE request gönderildiginde de dönen status code'in 203, response body'deki remark bilgisinin ""failed"" ve message bilgisinin de ""No id"" oldugu dogrulanmali.";;;;;;;;;;;;;;;;;;;;;;
;;;"/api/deleteCoupon/{id} endpoint'ine gecersiz (invalid token) authorization bilgileri ile dogru (id) iceren bir DELETE request gönderildiginde dönen status code'in 401 oldugu ve response body'deki message bilgisinin ""Unauthenticated."" oldugu dogrulanmali";;;;;;;;;;;;;;;;;;;;;;
;;;/api/deleteCoupon/{id} endpoint'inden donen response body icindeki Deleted Coupon ID bilgisinin /api/deleteCoupon/{id} endpoint'inde yazan id path parametresi ile ayni oldugu dogrulanmali.;;;;;;;;;;;;;;;;;;;;;;
;;;"API uzerinden silinmek istenen coupon kaydinin silindigi, API uzerinden dogrulanmali.
(Response body'de dönen Deleted Coupon ID ile /api/coupon/{id} endpoint'ine GET request gönderilerek kaydýn silindiði doðrulanabilir.)";;;;;;;;;;;;;;;;;;;;;;
;;;;;;;;;;;;;;;;;;;;;;;;;
Supports;US_051;Bir yönetici olarak API baðlantýsý üzerinden supports'a eriþebilmek istiyorum.;"/api/supports endpoint'ine gecerli authorization bilgileri ile bir GET request gönderildiginde dönen status code'in 200 ve response body'deki remark bilgisinin ""success"" oldugu dogrulanmali.";Medium;;;Backend (API);;;;;;;;;;;;;;;;;;
;;;id(x) olaninin response body'de donen bilgileri (user_id, webinar_id, department_id, title, status, created_at, updated_at, status_order, id, full_name, role_name) doðrulanmalý.;;;;;;;;;;;;;;;;;;;;;;
;;;"/api/supports endpoint'ine gecersiz (invalid token) authorization bilgileri ile bir GET request gönderildiginde dönen status code'in 401 ve response body'deki message bilgisinin ""Unauthenticated."" oldugu dogrulanmali.";;;;;;;;;;;;;;;;;;;;;;
;;;;;;;;;;;;;;;;;;;;;;;;;
;US_052;Bir yönetici olarak API baglantisi üzerinden belirtilen id numarasýna sahip support'un detaylý bilgilerine erisebilmeliyim.;"/api/support/{id} endpoint'ine gecerli authorization bilgileri ve dogru data (id) iceren bir GET request gönderildiginde dönen status code'in 200 ve response body'deki remark bilgisinin ""success"" oldugu dogrulanmali.";Low;;;Backend (API);;;;;;;;;;;;;;;;;;
;;;Response body icindeki list datalarýnýn (id, user_id, webinar_id, department_id, title, status, created_at, updated_at, status_order, id, full_name, role_name) içerikleri doðrulanmali.;;;;;;;;;;;;;;;;;;;;;;
;;;"/api/support/{id} endpoint'ine gecerli authorization bilgileri ve kaydý olmayan bir (id) iceren bir GET request gönderildiginde dönen status code'in 203, response body'deki remark bilgisinin ""failed"" ve message bilgisinin de ""There is not support message for this id"" oldugu, (id) icermeyen bir GET request gönderildiginde de dönen status code'un 203, response body'deki remark bilgisinin ""failed"" ve message bilgisinin de ""No id"" oldugu dogrulanmali.";;;;;;;;;;;;;;;;;;;;;;
;;;"/api/support/{id} endpoint'ine gecersiz (invalid token) authorization bilgileri ve dogru data (id) iceren bir GET request gönderildiginde dönen status code'in 401 ve response body'deki message bilgisinin ""Unauthenticated."" oldugu dogrulanmali.";;;;;;;;;;;;;;;;;;;;;;
;;;;;;;;;;;;;;;;;;;;;;;;;
;US_053;Bir yönetici olarak API baðlantýsý üzerinden yeni bir support kaydý olusturabilmek istiyorum.;"/api/addSupport endpoint'ine gecerli authorization bilgileri ve dogru datalar (title, department_id, message) iceren bir POST body gönderildiginde dönen status code'in 200, response body'deki remark bilgisinin ""success"" ve Message bilgisinin de ""Successfully Added."" oldugu dogrulanmali.";High;;;Backend (API);;;;;;;;;;;;;;;;;;
;;;"/api/addSupport endpoint'ine gecerli authorization bilgileri ve data icermeyen bir POST request gönderildiginde dönen status code'in 422 oldugu ve response body'deki message bilgisinin ""The title field is required. (and 2 more errors)"" oldugu dogrulanmali";;;;;;;;;;;;;;;;;;;;;;
;;;"/api/addSupport endpoint'ine gecersiz (invalid token) authorization bilgileri ile dogru datalar (title, department_id, message) iceren bir POST body gönderildiginde dönen status code'in 401 oldugu ve response body'deki message bilgisinin ""Unauthenticated."" oldugu dogrulanmali";;;;;;;;;;;;;;;;;;;;;;
;;;"API uzerinden olusturulmak istenen yeni support kaydinin olustugu API uzerinden dogrulanmali. 
(Response bodyde dönen Added Support ID ile /api/support/{id} endpoint'ine GET request gönderilerek kayýt oluþturulduðu doðrulanabilir.)";;;;;;;;;;;;;;;;;;;;;;
;;;;;;;;;;;;;;;;;;;;;;;;;
;US_054;Bir yönetici olarak API baglantisi üzerinden belirtilen id numarasýna sahip support'un bilgilerini güncelleyebilmek istiyorum.;"/api/updateSupport/{id} endpoint'ine gecerli authorization bilgileri ile dogru (id) ve dogru datalar (title, department_id, message) iceren bir PATCH body gönderildiginde dönen status code'in 200, response body'deki remark bilgisinin ""success"" ve Message bilgisinin de ""Updated Succesfully"" oldugu dogrulanmali.";High;;;Backend (API);;;;;;;;;;;;;;;;;;
;;;"/api/updateSupport/{id} endpoint'ine gecerli authorization bilgileri ile dogru (id) ve data icermeyen bir PATCH request gönderildiginde dönen status code'in 203, response body'deki remark bilgisinin ""failed"" ve message bilgisinin de ""There is no information to update"" oldugu dogrulanmali.";;;;;;;;;;;;;;;;;;;;;;
;;;"/api/updateSupport/{id} endpoint'ine gecerli authorization bilgileri ile kaydý olmayan bir (id) ve dogru datalar (title, department_id, message) iceren bir PATCH body gönderildiginde dönen status code'in 203, response body'deki remark bilgisinin ""failed"" ve message bilgisinin de ""There is not support message for this id."" oldugu, (id) icermeyen ve dogru datalar (title, department_id, message) iceren bir PATCH body gönderildiginde de dönen status code'in 203, response body'deki remark bilgisinin ""failed"" ve message bilgisinin de ""No id"" oldugu dogrulanmali.";;;;;;;;;;;;;;;;;;;;;;
;;;"/api/updateSupport/{id} endpoint'ine gecersiz (invalid token) authorization bilgileri ile dogru (id) ve dogru datalar (title, department_id, message) iceren bir PATCH body gönderildiginde dönen status code'in 401 oldugu ve response body'deki message bilgisinin ""Unauthenticated."" oldugu dogrulanmali";;;;;;;;;;;;;;;;;;;;;;
;;;/api/updateSupport/{id} endpoint'inden donen response body icindeki Updated Support ID bilgisinin /api/updateSupport/{id} endpoint'inde yazan id path parametresi ile ayni oldugu dogrulanmali.;;;;;;;;;;;;;;;;;;;;;;
;;;"API uzerinden güncellenmek istenen support kaydinin güncellendigi, API uzerinden dogrulanmali.
(Response body'de dönen Updated Support ID ile /api/support/{id} endpoint'ine GET request gönderilerek kaydýn güncellendiði doðrulanabilir.)";;;;;;;;;;;;;;;;;;;;;;
;;;;;;;;;;;;;;;;;;;;;;;;;
;US_055;Bir yönetici olarak API baglantisi üzerinden belirtilen id numarasýna sahip support bilgilerini silebilmek istiyorum.;"/api/deleteSupport/{id} endpoint'ine gecerli authorization bilgileri ve dogru (id) iceren bir DELETE request gönderildiginde dönen status code'in 200, response body'deki remark bilgisinin ""success"" ve Message bilgisinin de ""Successfully Deleted."" oldugu dogrulanmali.";High;;;Backend (API);;;;;;;;;;;;;;;;;;
;;;"/api/deleteSupport/{id} endpoint'ine gecerli authorization bilgileri ve kaydý olmayan bir (id) iceren bir DELETE request gönderildiginde dönen status code'in 203, response body'deki remark bilgisinin ""failed"" ve message bilgisinin de ""There is not support message for this id."" oldugu, (id) icermeyen bir DELETE request gönderildiginde de dönen status code'in 203, response body'deki remark bilgisinin ""failed"" ve message bilgisinin de ""No id"" oldugu dogrulanmali.";;;;;;;;;;;;;;;;;;;;;;
;;;"/api/deleteSupport/{id} endpoint'ine gecersiz (invalid token) authorization bilgileri ile dogru (id) iceren bir DELETE request gönderildiginde dönen status code'in 401 oldugu ve response body'deki message bilgisinin ""Unauthenticated."" oldugu dogrulanmali";;;;;;;;;;;;;;;;;;;;;;
;;;/api/deleteSupport/{id} endpoint'inden donen response body icindeki Deleted Support Id bilgisinin /api/deleteSupport/{id} endpoint'inde yazan id path parametresi ile ayni oldugu dogrulanmali.;;;;;;;;;;;;;;;;;;;;;;
;;;"API uzerinden silinmek istenen support kaydinin silindigi, API uzerinden dogrulanmali.
(Response body'de dönen Deleted Support Id ile /api/support/{id} endpoint'ine GET request gönderilerek kaydýn silindiði doðrulanabilir.)";;;;;;;;;;;;;;;;;;;;;;
;;;;;;;;;;;;;;;;;;;;;;;;;
Supports Departments;US_056;Bir yönetici olarak API baðlantýsý üzerinden support departments'e eriþebilmek istiyorum.;"/api/departments endpoint'ine gecerli authorization bilgileri ile bir GET request gönderildiginde dönen status code'in 200 ve response body'deki remark bilgisinin ""success"" oldugu dogrulanmali.";Medium;;;Backend (API);;;;;;;;;;;;;;;;;;
;;;id(x) olaninin response body'de donen bilgileri (created_at, supports_count, title, id, support_department_id, locale, title) doðrulanmalý.;;;;;;;;;;;;;;;;;;;;;;
;;;"/api/departments endpoint'ine gecersiz (invalid token) authorization bilgileri ile bir GET request gönderildiginde dönen status code'in 401 ve response body'deki message bilgisinin ""Unauthenticated."" oldugu dogrulanmali.";;;;;;;;;;;;;;;;;;;;;;
;;;;;;;;;;;;;;;;;;;;;;;;;
;US_057;Bir yönetici olarak API baglantisi üzerinden belirtilen id numarasýna sahip support department'ýn detaylý bilgilerine erisebilmeliyim.;"/api/department/{id} endpoint'ine gecerli authorization bilgileri ve dogru data (id) iceren bir GET request gönderildiginde dönen status code'in 200 ve response body'deki remark bilgisinin ""success"" oldugu dogrulanmali.";Low;;;Backend (API);;;;;;;;;;;;;;;;;;
;;;Response body icindeki list datalarýnýn (id, created_at, title, id, support_department_id, locale, title) içerikleri doðrulanmali.;;;;;;;;;;;;;;;;;;;;;;
;;;"/api/department/{id} endpoint'ine gecerli authorization bilgileri ve kaydý olmayan bir (id) iceren bir GET request gönderildiginde dönen status code'in 203, response body'deki remark bilgisinin ""failed"" ve message bilgisinin de ""There is not support department for this id."" oldugu, (id) icermeyen bir GET request gönderildiginde de dönen status code'un 203, response body'deki remark bilgisinin ""failed"" ve message bilgisinin de ""No id"" oldugu dogrulanmali.";;;;;;;;;;;;;;;;;;;;;;
;;;"/api/department/{id} endpoint'ine gecersiz (invalid token) authorization bilgileri ve dogru data (id) iceren bir GET request gönderildiginde dönen status code'in 401 ve response body'deki message bilgisinin ""Unauthenticated."" oldugu dogrulanmali.";;;;;;;;;;;;;;;;;;;;;;
;;;;;;;;;;;;;;;;;;;;;;;;;
;US_058;Bir yönetici olarak API baðlantýsý üzerinden yeni bir support department kaydý olusturabilmek istiyorum.;"/api/addDepartment endpoint'ine gecerli authorization bilgileri ve dogru data (title) iceren bir POST body gönderildiginde dönen status code'in 200, response body'deki remark bilgisinin ""success"" ve Message bilgisinin de ""Successfully Added."" oldugu dogrulanmali.";High;;;Backend (API);;;;;;;;;;;;;;;;;;
;;;"/api/addDepartment endpoint'ine gecerli authorization bilgileri ve data icermeyen bir POST request gönderildiginde dönen status code'in 422 oldugu ve response body'deki message bilgisinin ""The title field is required."" oldugu dogrulanmali";;;;;;;;;;;;;;;;;;;;;;
;;;"/api/addDepartment endpoint'ine gecersiz (invalid token) authorization bilgileri ile dogru data (title) iceren bir POST body gönderildiginde dönen status code'in 401 oldugu ve response body'deki message bilgisinin ""Unauthenticated."" oldugu dogrulanmali";;;;;;;;;;;;;;;;;;;;;;
;;;"API uzerinden olusturulmak istenen yeni support department kaydinin olustugu API uzerinden dogrulanmali. 
(Response bodyde dönen Added Support Department ID ile /api/department/{id} endpoint'ine GET request gönderilerek kayýt oluþturulduðu doðrulanabilir.)";;;;;;;;;;;;;;;;;;;;;;
;;;;;;;;;;;;;;;;;;;;;;;;;
;US_059;Bir yönetici olarak API baglantisi üzerinden belirtilen id numarasýna sahip support department'in bilgilerini güncelleyebilmek istiyorum.;"/api/updateDepartment/{id} endpoint'ine gecerli authorization bilgileri ile dogru (id) ve dogru data (title) iceren bir PATCH body gönderildiginde dönen status code'in 200, response body'deki remark bilgisinin ""success"" ve Message bilgisinin de ""Successfully Updated."" oldugu dogrulanmali.";High;;;Backend (API);;;;;;;;;;;;;;;;;;
;;;"/api/updateDepartment/{id} endpoint'ine gecerli authorization bilgileri ile dogru (id) ve data icermeyen bir PATCH request gönderildiginde dönen status code'in 203, response body'deki remark bilgisinin ""failed"" ve message bilgisinin de ""There is no information to update."" oldugu dogrulanmali.";;;;;;;;;;;;;;;;;;;;;;
;;;"/api/updateDepartment/{id} endpoint'ine gecerli authorization bilgileri ile kaydý olmayan bir (id) ve dogru data (title) iceren bir PATCH body gönderildiginde dönen status code'in 203, response body'deki remark bilgisinin ""failed"" ve message bilgisinin de ""There is not support department for this id."" oldugu, (id) icermeyen ve dogru data (title) iceren bir PATCH body gönderildiginde de dönen status code'in 203, response body'deki remark bilgisinin ""failed"" ve message bilgisinin de ""No id"" oldugu dogrulanmali.";;;;;;;;;;;;;;;;;;;;;;
;;;"/api/updateDepartment/{id} endpoint'ine gecersiz (invalid token) authorization bilgileri ile dogru (id) ve dogru data (title) iceren bir PATCH body gönderildiginde dönen status code'in 401 oldugu ve response body'deki message bilgisinin ""Unauthenticated."" oldugu dogrulanmali";;;;;;;;;;;;;;;;;;;;;;
;;;/api/updateDepartment/{id} endpoint'inden donen response body icindeki Updated Support Department ID bilgisinin /api/updateDepartment/{id} endpoint'inde yazan id path parametresi ile ayni oldugu dogrulanmali.;;;;;;;;;;;;;;;;;;;;;;
;;;"API uzerinden güncellenmek istenen support department kaydinin güncellendigi, API uzerinden dogrulanmali.
(Response body'de dönen Updated Support Department ID ile /api/department/{id} endpoint'ine GET request gönderilerek kaydýn güncellendiði doðrulanabilir.)";;;;;;;;;;;;;;;;;;;;;;
;;;;;;;;;;;;;;;;;;;;;;;;;
;US_060;Bir yönetici olarak API baglantisi üzerinden belirtilen id numarasýna sahip support department bilgilerini silebilmek istiyorum.;"/api/deleteDepartment/{id} endpoint'ine gecerli authorization bilgileri ve dogru (id) iceren bir DELETE request gönderildiginde dönen status code'in 200, response body'deki remark bilgisinin ""success"" ve Message bilgisinin de ""Successfully Deleted."" oldugu dogrulanmali.";High;;;Backend (API);;;;;;;;;;;;;;;;;;
;;;"/api/deleteDepartment/{id} endpoint'ine gecerli authorization bilgileri ve kaydý olmayan bir (id) iceren bir DELETE request gönderildiginde dönen status code'in 203, response body'deki remark bilgisinin ""failed"" ve message bilgisinin de ""There is not support department for this id."" oldugu, (id) icermeyen bir DELETE request gönderildiginde de dönen status code'in 203, response body'deki remark bilgisinin ""failed"" ve message bilgisinin de ""No id"" oldugu dogrulanmali.";;;;;;;;;;;;;;;;;;;;;;
;;;"/api/deleteDepartment/{id} endpoint'ine gecersiz (invalid token) authorization bilgileri ile dogru (id) iceren bir DELETE request gönderildiginde dönen status code'in 401 oldugu ve response body'deki message bilgisinin ""Unauthenticated."" oldugu dogrulanmali";;;;;;;;;;;;;;;;;;;;;;
;;;/api/deleteDepartment/{id} endpoint'inden donen response body icindeki Deleted Support Department ID bilgisinin /api/deleteDepartment/{id} endpoint'inde yazan id path parametresi ile ayni oldugu dogrulanmali.;;;;;;;;;;;;;;;;;;;;;;
;;;"API uzerinden silinmek istenen support department kaydinin silindigi, API uzerinden dogrulanmali.
(Response body'de dönen Deleted Support Department ID ile /api/department/{id} endpoint'ine GET request gönderilerek kaydýn silindiði doðrulanabilir.)";;;;;;;;;;;;;;;;;;;;;;
;;;;;;;;;;;;;;;;;;;;;;;;;
Contacts;US_061;Bir yönetici olarak API baðlantýsý üzerinden contacts'a eriþebilmek istiyorum.;"/api/contacts endpoint'ine gecerli authorization bilgileri ile bir GET request gönderildiginde dönen status code'in 200 ve response body'deki remark bilgisinin ""success"" oldugu dogrulanmali.";Medium;;;Backend (API);;;;;;;;;;;;;;;;;;
;;;id(x) olaninin response body'de donen bilgileri (name, email, phone, subject, message, reply, status, created_at) doðrulanmalý.;;;;;;;;;;;;;;;;;;;;;;
;;;"/api/contacts endpoint'ine gecersiz (invalid token) authorization bilgileri ile bir GET request gönderildiginde dönen status code'in 401 ve response body'deki message bilgisinin ""Unauthenticated."" oldugu dogrulanmali.";;;;;;;;;;;;;;;;;;;;;;
;;;;;;;;;;;;;;;;;;;;;;;;;
;US_062;Bir yönetici olarak API baglantisi üzerinden belirtilen id numarasýna sahip contact'ýn detaylý bilgilerine erisebilmeliyim.;"/api/contact/{id} endpoint'ine gecerli authorization bilgileri ve dogru data (id) iceren bir GET request gönderildiginde dönen status code'in 200 ve response body'deki remark bilgisinin ""success"" oldugu dogrulanmali.";Low;;;Backend (API);;;;;;;;;;;;;;;;;;
;;;Response body icindeki list datalarýnýn (id, name, email, phone, subject, message, reply, status, created_at) içerikleri doðrulanmali.;;;;;;;;;;;;;;;;;;;;;;
;;;"/api/contact/{id} endpoint'ine gecerli authorization bilgileri ve kaydý olmayan bir (id) iceren bir GET request gönderildiginde dönen status code'in 203, response body'deki remark bilgisinin ""failed"" ve message bilgisinin de ""There is not contact message for this id."" oldugu, (id) icermeyen bir GET request gönderildiginde de dönen status code'un 203, response body'deki remark bilgisinin ""failed"" ve message bilgisinin de ""No id"" oldugu dogrulanmali.";;;;;;;;;;;;;;;;;;;;;;
;;;"/api/contact/{id} endpoint'ine gecersiz (invalid token) authorization bilgileri ve dogru data (id) iceren bir GET request gönderildiginde dönen status code'in 401 ve response body'deki message bilgisinin ""Unauthenticated."" oldugu dogrulanmali.";;;;;;;;;;;;;;;;;;;;;;
;;;;;;;;;;;;;;;;;;;;;;;;;
;US_063;Bir yönetici olarak API baðlantýsý üzerinden yeni bir contact kaydý olusturabilmek istiyorum.;"/api/addContact endpoint'ine gecerli authorization bilgileri ve dogru datalar (name, email, phone, subject, message) iceren bir POST body gönderildiginde dönen status code'in 200, response body'deki remark bilgisinin ""success"" ve Message bilgisinin de ""Successfully Added."" oldugu dogrulanmali.";High;;;Backend (API);;;;;;;;;;;;;;;;;;
;;;"/api/addContact endpoint'ine gecerli authorization bilgileri ve geçersiz email (email) iceren bir POST body (name, email, phone, subject, message) gönderildiginde dönen status code'in 422 olduðu ve response body'deki message bilgisinin ""The email must be a valid email address."" oldugu,  data icermeyen bir POST request gönderildiginde dönen status code'in 422 oldugu ve response body'deki message bilgisinin ""The name field is required. (and 4 more errors)"" oldugu dogrulanmali";;;;;;;;;;;;;;;;;;;;;;
;;;"/api/addContact endpoint'ine gecersiz (invalid token) authorization bilgileri ile dogru datalar (name, email, phone, subject, message) iceren bir POST body gönderildiginde dönen status code'in 401 oldugu ve response body'deki message bilgisinin ""Unauthenticated."" oldugu dogrulanmali";;;;;;;;;;;;;;;;;;;;;;
;;;"API uzerinden olusturulmak istenen yeni contact kaydinin olustugu API uzerinden dogrulanmali. 
(Response bodyde dönen Added Contact Message ID ile /api/contact/{id} endpoint'ine GET request gönderilerek kayýt oluþturulduðu doðrulanabilir.)";;;;;;;;;;;;;;;;;;;;;;
;;;;;;;;;;;;;;;;;;;;;;;;;
;US_064;Bir yönetici olarak API baglantisi üzerinden belirtilen id numarasýna sahip contact'in bilgilerini güncelleyebilmek istiyorum.;"/api/updateContact/{id} endpoint'ine gecerli authorization bilgileri ile dogru (id) ve dogru datalar (phone, subject, message) iceren bir PATCH body gönderildiginde dönen status code'in 200, response body'deki remark bilgisinin ""success"" ve Message bilgisinin de ""Successfully Updated."" oldugu dogrulanmali.";High;;;Backend (API);;;;;;;;;;;;;;;;;;
;;;"/api/updateContact/{id} endpoint'ine gecerli authorization bilgileri ile dogru (id) ve data icermeyen bir PATCH request gönderildiginde dönen status code'in 203, response body'deki remark bilgisinin ""failed"" ve message bilgisinin de ""There is no information to update."" oldugu dogrulanmali.";;;;;;;;;;;;;;;;;;;;;;
;;;"/api/updateContact/{id} endpoint'ine gecerli authorization bilgileri ile kaydý olmayan bir (id) ve dogru datalar (phone, subject, message) iceren bir PATCH body gönderildiginde dönen status code'in 203, response body'deki remark bilgisinin ""failed"" ve message bilgisinin de ""There is not contact message for this id."" oldugu, (id) icermeyen ve dogru datalar (phone, subject, message) iceren bir PATCH body gönderildiginde de dönen status code'in 203, response body'deki remark bilgisinin ""failed"" ve message bilgisinin de ""No id"" oldugu dogrulanmali.";;;;;;;;;;;;;;;;;;;;;;
;;;"/api/updateContact/{id} endpoint'ine gecersiz (invalid token) authorization bilgileri ile dogru (id) ve dogru datalar (phone, subject, message) iceren bir PATCH body gönderildiginde dönen status code'in 401 oldugu ve response body'deki message bilgisinin ""Unauthenticated."" oldugu dogrulanmali";;;;;;;;;;;;;;;;;;;;;;
;;;/api/updateContact/{id} endpoint'inden donen response body icindeki Updated Contact Message ID bilgisinin /api/updateContact/{id} endpoint'inde yazan id path parametresi ile ayni oldugu dogrulanmali.;;;;;;;;;;;;;;;;;;;;;;
;;;"API uzerinden güncellenmek istenen contact kaydinin güncellendigi, API uzerinden dogrulanmali.
(Response body'de dönen Updated Contact Message ID ile /api/contact/{id} endpoint'ine GET request gönderilerek kaydýn güncellendiði doðrulanabilir.)";;;;;;;;;;;;;;;;;;;;;;
;;;;;;;;;;;;;;;;;;;;;;;;;
;US_065;Bir yönetici olarak API baglantisi üzerinden belirtilen id numarasýna sahip contact bilgilerini silebilmek istiyorum.;"/api/deleteContact/{id} endpoint'ine gecerli authorization bilgileri ve dogru (id) iceren bir DELETE request gönderildiginde dönen status code'in 200, response body'deki remark bilgisinin ""success"" ve Message bilgisinin de ""Successfully Deleted."" oldugu dogrulanmali.";High;;;Backend (API);;;;;;;;;;;;;;;;;;
;;;"/api/deleteContact/{id} endpoint'ine gecerli authorization bilgileri ve kaydý olmayan bir (id) iceren bir DELETE request gönderildiginde dönen status code'in 203, response body'deki remark bilgisinin ""failed"" ve message bilgisinin de ""There is not contact message for this id."" oldugu, (id) icermeyen bir DELETE request gönderildiginde de dönen status code'in 203, response body'deki remark bilgisinin ""failed"" ve message bilgisinin de ""No id"" oldugu dogrulanmali.";;;;;;;;;;;;;;;;;;;;;;
;;;"/api/deleteContact/{id} endpoint'ine gecersiz (invalid token) authorization bilgileri ile dogru (id) iceren bir DELETE request gönderildiginde dönen status code'in 401 oldugu ve response body'deki message bilgisinin ""Unauthenticated."" oldugu dogrulanmali";;;;;;;;;;;;;;;;;;;;;;
;;;/api/deleteContact/{id} endpoint'inden donen response body icindeki Deleted Contact Message ID  bilgisinin /api/deleteContact/{id} endpoint'inde yazan id path parametresi ile ayni oldugu dogrulanmali.;;;;;;;;;;;;;;;;;;;;;;
;;;"API uzerinden silinmek istenen contact kaydinin silindigi, API uzerinden dogrulanmali.
(Response body'de dönen Deleted Contact Message ID  ile /api/contact/{id} endpoint'ine GET request gönderilerek kaydýn silindiði doðrulanabilir.)";;;;;;;;;;;;;;;;;;;;;;
;;;;;;;;;;;;;;;;;;;;;;;;;
Badges;US_066;Bir yönetici olarak API baðlantýsý üzerinden badges'e eriþebilmek istiyorum.;"/api/badges endpoint'ine gecerli authorization bilgileri ile bir GET request gönderildiginde dönen status code'in 200 ve response body'deki remark bilgisinin ""success"" oldugu dogrulanmali.";Medium;;;Backend (API);;;;;;;;;;;;;;;;;;
;;;id(x) olaninin response body'de donen bilgileri (image, type, from, to, score, created_at, title, description, id, badge_id, locale, title, description) doðrulanmalý.;;;;;;;;;;;;;;;;;;;;;;
;;;"/api/badges endpoint'ine gecersiz (invalid token) authorization bilgileri ile bir GET request gönderildiginde dönen status code'in 401 ve response body'deki message bilgisinin ""Unauthenticated."" oldugu dogrulanmali.";;;;;;;;;;;;;;;;;;;;;;
;;;;;;;;;;;;;;;;;;;;;;;;;
;US_067;Bir yönetici olarak API baglantisi üzerinden belirtilen id numarasýna sahip badge'in detaylý bilgilerine erisebilmeliyim.;"/api/badge/{id} endpoint'ine gecerli authorization bilgileri ve dogru data (id) iceren bir GET request gönderildiginde dönen status code'in 200 ve response body'deki remark bilgisinin ""success"" oldugu dogrulanmali.";Low;;;Backend (API);;;;;;;;;;;;;;;;;;
;;;Response body icindeki list datalarýnýn (id, image, type, from, to, score, created_at, title, description, id, badge_id, locale, title, description) içerikleri doðrulanmali.;;;;;;;;;;;;;;;;;;;;;;
;;;"/api/badge/{id} endpoint'ine gecerli authorization bilgileri ve kaydý olmayan bir (id) iceren bir GET request gönderildiginde dönen status code'in 203, response body'deki remark bilgisinin ""failed"" ve message bilgisinin de ""There is not badge for this id."" oldugu, (id) icermeyen bir GET request gönderildiginde de dönen status code'un 203, response body'deki remark bilgisinin ""failed"" ve message bilgisinin de ""No id"" oldugu dogrulanmali.";;;;;;;;;;;;;;;;;;;;;;
;;;"/api/badge/{id} endpoint'ine gecersiz (invalid token) authorization bilgileri ve dogru data (id) iceren bir GET request gönderildiginde dönen status code'in 401 ve response body'deki message bilgisinin ""Unauthenticated."" oldugu dogrulanmali.";;;;;;;;;;;;;;;;;;;;;;
;;;;;;;;;;;;;;;;;;;;;;;;;
;US_068;Bir yönetici olarak API baðlantýsý üzerinden yeni bir badge kaydý olusturabilmek istiyorum.;"/api/addBadge endpoint'ine gecerli authorization bilgileri ve dogru datalar (title, description, type, from, to, score) iceren bir POST body gönderildiginde dönen status code'in 200, response body'deki remark bilgisinin ""success"" ve Message bilgisinin de ""Successfully Added."" oldugu dogrulanmali.";High;;;Backend (API);;;;;;;;;;;;;;;;;;
;;;"/api/addBadge endpoint'ine gecerli authorization bilgileri ve geçersiz type (type) iceren bir POST body (title, description, type, from, to, score) gönderildiginde dönen status code'in 422 olduðu ve response body'deki message bilgisinin ""The selected type is invalid."" oldugu, data icermeyen bir POST request gönderildiginde dönen status code'in 422 oldugu ve response body'deki message bilgisinin ""The title field is required. (and 4 more errors)"" oldugu dogrulanmali";;;;;;;;;;;;;;;;;;;;;;
;;;"/api/addBadge endpoint'ine gecersiz (invalid token) authorization bilgileri ile dogru datalar (title, description, type, from, to, score) iceren bir POST body gönderildiginde dönen status code'in 401 oldugu ve response body'deki message bilgisinin ""Unauthenticated."" oldugu dogrulanmali";;;;;;;;;;;;;;;;;;;;;;
;;;"API uzerinden olusturulmak istenen yeni badge kaydinin olustugu API uzerinden dogrulanmali. 
(Response bodyde dönen Added Badge ID ile /api/badge/{id} endpoint'ine GET request gönderilerek kayýt oluþturulduðu doðrulanabilir.)";;;;;;;;;;;;;;;;;;;;;;
;;;;;;;;;;;;;;;;;;;;;;;;;
;US_069;Bir yönetici olarak API baglantisi üzerinden belirtilen id numarasýna sahip badge'in bilgilerini güncelleyebilmek istiyorum.;"/api/updateBadge/{id} endpoint'ine gecerli authorization bilgileri ile dogru (id) ve dogru datalar (title, type) iceren bir PATCH body gönderildiginde dönen status code'in 200, response body'deki remark bilgisinin ""success"" ve Message bilgisinin de ""Successfully Updated."" oldugu dogrulanmali.";High;;;Backend (API);;;;;;;;;;;;;;;;;;
;;;"/api/updateBadge/{id} endpoint'ine gecerli authorization bilgileri ile dogru (id) ve invalid type (type) iceren bir PATCH body (title, type) gönderildiginde dönen status code'in 203, response body'deki remark bilgisinin ""failed"" ve Message bilgisinin de ""Type value is invalid. It must be register_date, course_count, course_rate, sale_count, support_rate,product_sale_count, make_topic, send_post_in_topic or instructor_blog."" oldugu, data icermeyen bir PATCH request gönderildiginde de dönen status code'in 203, response body'deki remark bilgisinin ""failed"" ve message bilgisinin de ""There is no information to update."" oldugu";;;;;;;;;;;;;;;;;;;;;;
;;;"/api/updateBadge/{id} endpoint'ine gecerli authorization bilgileri ile kaydý olmayan bir (id) ve dogru datalar (title, type) iceren bir PATCH body gönderildiginde dönen status code'in 203, response body'deki remark bilgisinin ""failed"" ve message bilgisinin de ""There is not badge for this id."" oldugu, (id) icermeyen ve dogru datalar (title, type) iceren bir PATCH body gönderildiginde de dönen status code'in 203, response body'deki remark bilgisinin ""failed"" ve message bilgisinin de ""No id"" oldugu dogrulanmali.";;;;;;;;;;;;;;;;;;;;;;
;;;"/api/updateBadge/{id} endpoint'ine gecersiz (invalid token) authorization bilgileri ile dogru (id) ve dogru datalar (title, type) iceren bir PATCH body gönderildiginde dönen status code'in 401 oldugu ve response body'deki message bilgisinin ""Unauthenticated."" oldugu dogrulanmali";;;;;;;;;;;;;;;;;;;;;;
;;;/api/updateBadge/{id} endpoint'inden donen response body icindeki Updated Badge ID bilgisinin /api/updateBadge/{id} endpoint'inde yazan id path parametresi ile ayni oldugu dogrulanmali.;;;;;;;;;;;;;;;;;;;;;;
;;;"API uzerinden güncellenmek istenen badge kaydinin güncellendigi, API uzerinden dogrulanmali.
(Response body'de dönen Updated Badge ID ile /api/badge/{id} endpoint'ine GET request gönderilerek kaydýn güncellendiði doðrulanabilir.)";;;;;;;;;;;;;;;;;;;;;;
;;;;;;;;;;;;;;;;;;;;;;;;;
;US_070;Bir yönetici olarak API baglantisi üzerinden belirtilen id numarasýna sahip badge bilgilerini silebilmek istiyorum.;"/api/deleteBadge/{id} endpoint'ine gecerli authorization bilgileri ve dogru (id) iceren bir DELETE request gönderildiginde dönen status code'in 200, response body'deki remark bilgisinin ""success"" ve Message bilgisinin de ""Successfully Deleted."""" oldugu dogrulanmali.";High;;;Backend (API);;;;;;;;;;;;;;;;;;
;;;"/api/deleteBadge/{id} endpoint'ine gecerli authorization bilgileri ve kaydý olmayan bir (id) iceren bir DELETE request gönderildiginde dönen status code'in 203, response body'deki remark bilgisinin ""failed"" ve message bilgisinin de ""There is not badge for this id."" oldugu, (id) icermeyen bir DELETE request gönderildiginde de dönen status code'in 203, response body'deki remark bilgisinin ""failed"" ve message bilgisinin de ""No id"" oldugu dogrulanmali.";;;;;;;;;;;;;;;;;;;;;;
;;;"/api/deleteBadge/{id} endpoint'ine gecersiz (invalid token) authorization bilgileri ile dogru (id) iceren bir DELETE request gönderildiginde dönen status code'in 401 oldugu ve response body'deki message bilgisinin ""Unauthenticated."" oldugu dogrulanmali";;;;;;;;;;;;;;;;;;;;;;
;;;/api/deleteBadge/{id} endpoint'inden donen response body icindeki Deleted Badge ID bilgisinin /api/deleteBadge/{id} endpoint'inde yazan id path parametresi ile ayni oldugu dogrulanmali.;;;;;;;;;;;;;;;;;;;;;;
;;;"API uzerinden silinmek istenen badge kaydinin silindigi, API uzerinden dogrulanmali.
(Response body'de dönen Deleted Badge ID ile /api/badge/{id} endpoint'ine GET request gönderilerek kaydýn silindiði doðrulanabilir.)";;;;;;;;;;;;;;;;;;;;;;
;;;;;;;;;;;;;;;;;;;;;;;;;
;;;;;;;;;;;;;;;;;;;;;;;;;
;;;;;;;;;;;;;;;;;;;;;;;;;
;;;;;;;;;;;;;;;;;;;;;;;;;
;;;;;;;;;;;;;;;;;;;;;;;;;
;;;;;;;;;;;;;;;;;;;;;;;;;
;;;;;;;;;;;;;;;;;;;;;;;;;
;;;;;;;;;;;;;;;;;;;;;;;;;
;;;;;;;;;;;;;;;;;;;;;;;;;
;;;;;;;;;;;;;;;;;;;;;;;;;
;;;;;;;;;;;;;;;;;;;;;;;;;
;;;;;;;;;;;;;;;;;;;;;;;;;
;;;;;;;;;;;;;;;;;;;;;;;;;
;;;;;;;;;;;;;;;;;;;;;;;;;
;;;;;;;;;;;;;;;;;;;;;;;;;
;;;;;;;;;;;;;;;;;;;;;;;;;
;;;;;;;;;;;;;;;;;;;;;;;;;
;;;;;;;;;;;;;;;;;;;;;;;;;
;;;;;;;;;;;;;;;;;;;;;;;;;
;;;;;;;;;;;;;;;;;;;;;;;;;
;;;;;;;;;;;;;;;;;;;;;;;;;
;;;;;;;;;;;;;;;;;;;;;;;;;
;;;;;;;;;;;;;;;;;;;;;;;;;
;;;;;;;;;;;;;;;;;;;;;;;;;
;;;;;;;;;;;;;;;;;;;;;;;;;
;;;;;;;;;;;;;;;;;;;;;;;;;
;;;;;;;;;;;;;;;;;;;;;;;;;
;;;;;;;;;;;;;;;;;;;;;;;;;
;;;;;;;;;;;;;;;;;;;;;;;;;
;;;;;;;;;;;;;;;;;;;;;;;;;
;;;;;;;;;;;;;;;;;;;;;;;;;
;;;;;;;;;;;;;;;;;;;;;;;;;
;;;;;;;;;;;;;;;;;;;;;;;;;
;;;;;;;;;;;;;;;;;;;;;;;;;
;;;;;;;;;;;;;;;;;;;;;;;;;
;;;;;;;;;;;;;;;;;;;;;;;;;
;;;;;;;;;;;;;;;;;;;;;;;;;
;;;;;;;;;;;;;;;;;;;;;;;;;
;;;;;;;;;;;;;;;;;;;;;;;;;
;;;;;;;;;;;;;;;;;;;;;;;;;
;;;;;;;;;;;;;;;;;;;;;;;;;
;;;;;;;;;;;;;;;;;;;;;;;;;
;;;;;;;;;;;;;;;;;;;;;;;;;
;;;;;;;;;;;;;;;;;;;;;;;;;
;;;;;;;;;;;;;;;;;;;;;;;;;
;;;;;;;;;;;;;;;;;;;;;;;;;
;;;;;;;;;;;;;;;;;;;;;;;;;
;;;;;;;;;;;;;;;;;;;;;;;;;
;;;;;;;;;;;;;;;;;;;;;;;;;
;;;;;;;;;;;;;;;;;;;;;;;;;
;;;;;;;;;;;;;;;;;;;;;;;;;
;;;;;;;;;;;;;;;;;;;;;;;;;
;;;;;;;;;;;;;;;;;;;;;;;;;
;;;;;;;;;;;;;;;;;;;;;;;;;
;;;;;;;;;;;;;;;;;;;;;;;;;
;;;;;;;;;;;;;;;;;;;;;;;;;
;;;;;;;;;;;;;;;;;;;;;;;;;
;;;;;;;;;;;;;;;;;;;;;;;;;
;;;;;;;;;;;;;;;;;;;;;;;;;
;;;;;;;;;;;;;;;;;;;;;;;;;
;;;;;;;;;;;;;;;;;;;;;;;;;
;;;;;;;;;;;;;;;;;;;;;;;;;
;;;;;;;;;;;;;;;;;;;;;;;;;
;;;;;;;;;;;;;;;;;;;;;;;;;
;;;;;;;;;;;;;;;;;;;;;;;;;
;;;;;;;;;;;;;;;;;;;;;;;;;
;;;;;;;;;;;;;;;;;;;;;;;;;
;;;;;;;;;;;;;;;;;;;;;;;;;
;;;;;;;;;;;;;;;;;;;;;;;;;
;;;;;;;;;;;;;;;;;;;;;;;;;
;;;;;;;;;;;;;;;;;;;;;;;;;
;;;;;;;;;;;;;;;;;;;;;;;;;
;;;;;;;;;;;;;;;;;;;;;;;;;
;;;;;;;;;;;;;;;;;;;;;;;;;
;;;;;;;;;;;;;;;;;;;;;;;;;
;;;;;;;;;;;;;;;;;;;;;;;;;
;;;;;;;;;;;;;;;;;;;;;;;;;
;;;;;;;;;;;;;;;;;;;;;;;;;
;;;;;;;;;;;;;;;;;;;;;;;;;
;;;;;;;;;;;;;;;;;;;;;;;;;
;;;;;;;;;;;;;;;;;;;;;;;;;
;;;;;;;;;;;;;;;;;;;;;;;;;
;;;;;;;;;;;;;;;;;;;;;;;;;
;;;;;;;;;;;;;;;;;;;;;;;;;
;;;;;;;;;;;;;;;;;;;;;;;;;
;;;;;;;;;;;;;;;;;;;;;;;;;
;;;;;;;;;;;;;;;;;;;;;;;;;
;;;;;;;;;;;;;;;;;;;;;;;;;
;;;;;;;;;;;;;;;;;;;;;;;;;
;;;;;;;;;;;;;;;;;;;;;;;;;
;;;;;;;;;;;;;;;;;;;;;;;;;
;;;;;;;;;;;;;;;;;;;;;;;;;
;;;;;;;;;;;;;;;;;;;;;;;;;
;;;;;;;;;;;;;;;;;;;;;;;;;
;;;;;;;;;;;;;;;;;;;;;;;;;
;;;;;;;;;;;;;;;;;;;;;;;;;
;;;;;;;;;;;;;;;;;;;;;;;;;
;;;;;;;;;;;;;;;;;;;;;;;;;
;;;;;;;;;;;;;;;;;;;;;;;;;
;;;;;;;;;;;;;;;;;;;;;;;;;
;;;;;;;;;;;;;;;;;;;;;;;;;
;;;;;;;;;;;;;;;;;;;;;;;;;
;;;;;;;;;;;;;;;;;;;;;;;;;
;;;;;;;;;;;;;;;;;;;;;;;;;
;;;;;;;;;;;;;;;;;;;;;;;;;
;;;;;;;;;;;;;;;;;;;;;;;;;
;;;;;;;;;;;;;;;;;;;;;;;;;
;;;;;;;;;;;;;;;;;;;;;;;;;
;;;;;;;;;;;;;;;;;;;;;;;;;
;;;;;;;;;;;;;;;;;;;;;;;;;
;;;;;;;;;;;;;;;;;;;;;;;;;
;;;;;;;;;;;;;;;;;;;;;;;;;
;;;;;;;;;;;;;;;;;;;;;;;;;
;;;;;;;;;;;;;;;;;;;;;;;;;
;;;;;;;;;;;;;;;;;;;;;;;;;
;;;;;;;;;;;;;;;;;;;;;;;;;
;;;;;;;;;;;;;;;;;;;;;;;;;
;;;;;;;;;;;;;;;;;;;;;;;;;
;;;;;;;;;;;;;;;;;;;;;;;;;
;;;;;;;;;;;;;;;;;;;;;;;;;
;;;;;;;;;;;;;;;;;;;;;;;;;
;;;;;;;;;;;;;;;;;;;;;;;;;
;;;;;;;;;;;;;;;;;;;;;;;;;
;;;;;;;;;;;;;;;;;;;;;;;;;
;;;;;;;;;;;;;;;;;;;;;;;;;
;;;;;;;;;;;;;;;;;;;;;;;;;
;;;;;;;;;;;;;;;;;;;;;;;;;
;;;;;;;;;;;;;;;;;;;;;;;;;
;;;;;;;;;;;;;;;;;;;;;;;;;
;;;;;;;;;;;;;;;;;;;;;;;;;
;;;;;;;;;;;;;;;;;;;;;;;;;
;;;;;;;;;;;;;;;;;;;;;;;;;
;;;;;;;;;;;;;;;;;;;;;;;;;
;;;;;;;;;;;;;;;;;;;;;;;;;
;;;;;;;;;;;;;;;;;;;;;;;;;
;;;;;;;;;;;;;;;;;;;;;;;;;
;;;;;;;;;;;;;;;;;;;;;;;;;
;;;;;;;;;;;;;;;;;;;;;;;;;
;;;;;;;;;;;;;;;;;;;;;;;;;
;;;;;;;;;;;;;;;;;;;;;;;;;
;;;;;;;;;;;;;;;;;;;;;;;;;
;;;;;;;;;;;;;;;;;;;;;;;;;
;;;;;;;;;;;;;;;;;;;;;;;;;
;;;;;;;;;;;;;;;;;;;;;;;;;
;;;;;;;;;;;;;;;;;;;;;;;;;
;;;;;;;;;;;;;;;;;;;;;;;;;
;;;;;;;;;;;;;;;;;;;;;;;;;
;;;;;;;;;;;;;;;;;;;;;;;;;
;;;;;;;;;;;;;;;;;;;;;;;;;
;;;;;;;;;;;;;;;;;;;;;;;;;
;;;;;;;;;;;;;;;;;;;;;;;;;
;;;;;;;;;;;;;;;;;;;;;;;;;
;;;;;;;;;;;;;;;;;;;;;;;;;
;;;;;;;;;;;;;;;;;;;;;;;;;
;;;;;;;;;;;;;;;;;;;;;;;;;
;;;;;;;;;;;;;;;;;;;;;;;;;
;;;;;;;;;;;;;;;;;;;;;;;;;
;;;;;;;;;;;;;;;;;;;;;;;;;
;;;;;;;;;;;;;;;;;;;;;;;;;
;;;;;;;;;;;;;;;;;;;;;;;;;
;;;;;;;;;;;;;;;;;;;;;;;;;
;;;;;;;;;;;;;;;;;;;;;;;;;
;;;;;;;;;;;;;;;;;;;;;;;;;
;;;;;;;;;;;;;;;;;;;;;;;;;
;;;;;;;;;;;;;;;;;;;;;;;;;
;;;;;;;;;;;;;;;;;;;;;;;;;
;;;;;;;;;;;;;;;;;;;;;;;;;
;;;;;;;;;;;;;;;;;;;;;;;;;
;;;;;;;;;;;;;;;;;;;;;;;;;
;;;;;;;;;;;;;;;;;;;;;;;;;
;;;;;;;;;;;;;;;;;;;;;;;;;
;;;;;;;;;;;;;;;;;;;;;;;;;
;;;;;;;;;;;;;;;;;;;;;;;;;
;;;;;;;;;;;;;;;;;;;;;;;;;
;;;;;;;;;;;;;;;;;;;;;;;;;
;;;;;;;;;;;;;;;;;;;;;;;;;
;;;;;;;;;;;;;;;;;;;;;;;;;
;;;;;;;;;;;;;;;;;;;;;;;;;
;;;;;;;;;;;;;;;;;;;;;;;;;
;;;;;;;;;;;;;;;;;;;;;;;;;
;;;;;;;;;;;;;;;;;;;;;;;;;
;;;;;;;;;;;;;;;;;;;;;;;;;
;;;;;;;;;;;;;;;;;;;;;;;;;
;;;;;;;;;;;;;;;;;;;;;;;;;
;;;;;;;;;;;;;;;;;;;;;;;;;
;;;;;;;;;;;;;;;;;;;;;;;;;
;;;;;;;;;;;;;;;;;;;;;;;;;
;;;;;;;;;;;;;;;;;;;;;;;;;
;;;;;;;;;;;;;;;;;;;;;;;;;
;;;;;;;;;;;;;;;;;;;;;;;;;
;;;;;;;;;;;;;;;;;;;;;;;;;
;;;;;;;;;;;;;;;;;;;;;;;;;
;;;;;;;;;;;;;;;;;;;;;;;;;
;;;;;;;;;;;;;;;;;;;;;;;;;
;;;;;;;;;;;;;;;;;;;;;;;;;
;;;;;;;;;;;;;;;;;;;;;;;;;
;;;;;;;;;;;;;;;;;;;;;;;;;
;;;;;;;;;;;;;;;;;;;;;;;;;
;;;;;;;;;;;;;;;;;;;;;;;;;
;;;;;;;;;;;;;;;;;;;;;;;;;
;;;;;;;;;;;;;;;;;;;;;;;;;
;;;;;;;;;;;;;;;;;;;;;;;;;
;;;;;;;;;;;;;;;;;;;;;;;;;
;;;;;;;;;;;;;;;;;;;;;;;;;
;;;;;;;;;;;;;;;;;;;;;;;;;
;;;;;;;;;;;;;;;;;;;;;;;;;
;;;;;;;;;;;;;;;;;;;;;;;;;
;;;;;;;;;;;;;;;;;;;;;;;;;
;;;;;;;;;;;;;;;;;;;;;;;;;
;;;;;;;;;;;;;;;;;;;;;;;;;
;;;;;;;;;;;;;;;;;;;;;;;;;
;;;;;;;;;;;;;;;;;;;;;;;;;
;;;;;;;;;;;;;;;;;;;;;;;;;
;;;;;;;;;;;;;;;;;;;;;;;;;
;;;;;;;;;;;;;;;;;;;;;;;;;
;;;;;;;;;;;;;;;;;;;;;;;;;
;;;;;;;;;;;;;;;;;;;;;;;;;
;;;;;;;;;;;;;;;;;;;;;;;;;
;;;;;;;;;;;;;;;;;;;;;;;;;
;;;;;;;;;;;;;;;;;;;;;;;;;
;;;;;;;;;;;;;;;;;;;;;;;;;
;;;;;;;;;;;;;;;;;;;;;;;;;
;;;;;;;;;;;;;;;;;;;;;;;;;
;;;;;;;;;;;;;;;;;;;;;;;;;
;;;;;;;;;;;;;;;;;;;;;;;;;
;;;;;;;;;;;;;;;;;;;;;;;;;
;;;;;;;;;;;;;;;;;;;;;;;;;
;;;;;;;;;;;;;;;;;;;;;;;;;
;;;;;;;;;;;;;;;;;;;;;;;;;
;;;;;;;;;;;;;;;;;;;;;;;;;
;;;;;;;;;;;;;;;;;;;;;;;;;
;;;;;;;;;;;;;;;;;;;;;;;;;
;;;;;;;;;;;;;;;;;;;;;;;;;
;;;;;;;;;;;;;;;;;;;;;;;;;
;;;;;;;;;;;;;;;;;;;;;;;;;
;;;;;;;;;;;;;;;;;;;;;;;;;
;;;;;;;;;;;;;;;;;;;;;;;;;
;;;;;;;;;;;;;;;;;;;;;;;;;
;;;;;;;;;;;;;;;;;;;;;;;;;
;;;;;;;;;;;;;;;;;;;;;;;;;
;;;;;;;;;;;;;;;;;;;;;;;;;
;;;;;;;;;;;;;;;;;;;;;;;;;
;;;;;;;;;;;;;;;;;;;;;;;;;
;;;;;;;;;;;;;;;;;;;;;;;;;
;;;;;;;;;;;;;;;;;;;;;;;;;
;;;;;;;;;;;;;;;;;;;;;;;;;
;;;;;;;;;;;;;;;;;;;;;;;;;
;;;;;;;;;;;;;;;;;;;;;;;;;
;;;;;;;;;;;;;;;;;;;;;;;;;
;;;;;;;;;;;;;;;;;;;;;;;;;
;;;;;;;;;;;;;;;;;;;;;;;;;
;;;;;;;;;;;;;;;;;;;;;;;;;
;;;;;;;;;;;;;;;;;;;;;;;;;
;;;;;;;;;;;;;;;;;;;;;;;;;
;;;;;;;;;;;;;;;;;;;;;;;;;
;;;;;;;;;;;;;;;;;;;;;;;;;
;;;;;;;;;;;;;;;;;;;;;;;;;
;;;;;;;;;;;;;;;;;;;;;;;;;
;;;;;;;;;;;;;;;;;;;;;;;;;
;;;;;;;;;;;;;;;;;;;;;;;;;
;;;;;;;;;;;;;;;;;;;;;;;;;
;;;;;;;;;;;;;;;;;;;;;;;;;
;;;;;;;;;;;;;;;;;;;;;;;;;
;;;;;;;;;;;;;;;;;;;;;;;;;
;;;;;;;;;;;;;;;;;;;;;;;;;
;;;;;;;;;;;;;;;;;;;;;;;;;
;;;;;;;;;;;;;;;;;;;;;;;;;
;;;;;;;;;;;;;;;;;;;;;;;;;
;;;;;;;;;;;;;;;;;;;;;;;;;
;;;;;;;;;;;;;;;;;;;;;;;;;
;;;;;;;;;;;;;;;;;;;;;;;;;
;;;;;;;;;;;;;;;;;;;;;;;;;
;;;;;;;;;;;;;;;;;;;;;;;;;
;;;;;;;;;;;;;;;;;;;;;;;;;
;;;;;;;;;;;;;;;;;;;;;;;;;
;;;;;;;;;;;;;;;;;;;;;;;;;
;;;;;;;;;;;;;;;;;;;;;;;;;
;;;;;;;;;;;;;;;;;;;;;;;;;
;;;;;;;;;;;;;;;;;;;;;;;;;
;;;;;;;;;;;;;;;;;;;;;;;;;
;;;;;;;;;;;;;;;;;;;;;;;;;
;;;;;;;;;;;;;;;;;;;;;;;;;
;;;;;;;;;;;;;;;;;;;;;;;;;
;;;;;;;;;;;;;;;;;;;;;;;;;
;;;;;;;;;;;;;;;;;;;;;;;;;
;;;;;;;;;;;;;;;;;;;;;;;;;
;;;;;;;;;;;;;;;;;;;;;;;;;
;;;;;;;;;;;;;;;;;;;;;;;;;
;;;;;;;;;;;;;;;;;;;;;;;;;
;;;;;;;;;;;;;;;;;;;;;;;;;
;;;;;;;;;;;;;;;;;;;;;;;;;
;;;;;;;;;;;;;;;;;;;;;;;;;
;;;;;;;;;;;;;;;;;;;;;;;;;
;;;;;;;;;;;;;;;;;;;;;;;;;
;;;;;;;;;;;;;;;;;;;;;;;;;
;;;;;;;;;;;;;;;;;;;;;;;;;
;;;;;;;;;;;;;;;;;;;;;;;;;
;;;;;;;;;;;;;;;;;;;;;;;;;
;;;;;;;;;;;;;;;;;;;;;;;;;
;;;;;;;;;;;;;;;;;;;;;;;;;
;;;;;;;;;;;;;;;;;;;;;;;;;
;;;;;;;;;;;;;;;;;;;;;;;;;
;;;;;;;;;;;;;;;;;;;;;;;;;
;;;;;;;;;;;;;;;;;;;;;;;;;
;;;;;;;;;;;;;;;;;;;;;;;;;
;;;;;;;;;;;;;;;;;;;;;;;;;
;;;;;;;;;;;;;;;;;;;;;;;;;
;;;;;;;;;;;;;;;;;;;;;;;;;
;;;;;;;;;;;;;;;;;;;;;;;;;
;;;;;;;;;;;;;;;;;;;;;;;;;
;;;;;;;;;;;;;;;;;;;;;;;;;
;;;;;;;;;;;;;;;;;;;;;;;;;
;;;;;;;;;;;;;;;;;;;;;;;;;
;;;;;;;;;;;;;;;;;;;;;;;;;
;;;;;;;;;;;;;;;;;;;;;;;;;
;;;;;;;;;;;;;;;;;;;;;;;;;
;;;;;;;;;;;;;;;;;;;;;;;;;
;;;;;;;;;;;;;;;;;;;;;;;;;
;;;;;;;;;;;;;;;;;;;;;;;;;
;;;;;;;;;;;;;;;;;;;;;;;;;
;;;;;;;;;;;;;;;;;;;;;;;;;
;;;;;;;;;;;;;;;;;;;;;;;;;
;;;;;;;;;;;;;;;;;;;;;;;;;
;;;;;;;;;;;;;;;;;;;;;;;;;
;;;;;;;;;;;;;;;;;;;;;;;;;
;;;;;;;;;;;;;;;;;;;;;;;;;
;;;;;;;;;;;;;;;;;;;;;;;;;
;;;;;;;;;;;;;;;;;;;;;;;;;
;;;;;;;;;;;;;;;;;;;;;;;;;
;;;;;;;;;;;;;;;;;;;;;;;;;
;;;;;;;;;;;;;;;;;;;;;;;;;
;;;;;;;;;;;;;;;;;;;;;;;;;
;;;;;;;;;;;;;;;;;;;;;;;;;
;;;;;;;;;;;;;;;;;;;;;;;;;
;;;;;;;;;;;;;;;;;;;;;;;;;
;;;;;;;;;;;;;;;;;;;;;;;;;
;;;;;;;;;;;;;;;;;;;;;;;;;
;;;;;;;;;;;;;;;;;;;;;;;;;
;;;;;;;;;;;;;;;;;;;;;;;;;
;;;;;;;;;;;;;;;;;;;;;;;;;
;;;;;;;;;;;;;;;;;;;;;;;;;
;;;;;;;;;;;;;;;;;;;;;;;;;
;;;;;;;;;;;;;;;;;;;;;;;;;
;;;;;;;;;;;;;;;;;;;;;;;;;
;;;;;;;;;;;;;;;;;;;;;;;;;
;;;;;;;;;;;;;;;;;;;;;;;;;
;;;;;;;;;;;;;;;;;;;;;;;;;
;;;;;;;;;;;;;;;;;;;;;;;;;
;;;;;;;;;;;;;;;;;;;;;;;;;
;;;;;;;;;;;;;;;;;;;;;;;;;
;;;;;;;;;;;;;;;;;;;;;;;;;
;;;;;;;;;;;;;;;;;;;;;;;;;
;;;;;;;;;;;;;;;;;;;;;;;;;
;;;;;;;;;;;;;;;;;;;;;;;;;
;;;;;;;;;;;;;;;;;;;;;;;;;
;;;;;;;;;;;;;;;;;;;;;;;;;
;;;;;;;;;;;;;;;;;;;;;;;;;
;;;;;;;;;;;;;;;;;;;;;;;;;
;;;;;;;;;;;;;;;;;;;;;;;;;
;;;;;;;;;;;;;;;;;;;;;;;;;
;;;;;;;;;;;;;;;;;;;;;;;;;
;;;;;;;;;;;;;;;;;;;;;;;;;
;;;;;;;;;;;;;;;;;;;;;;;;;
;;;;;;;;;;;;;;;;;;;;;;;;;
;;;;;;;;;;;;;;;;;;;;;;;;;
;;;;;;;;;;;;;;;;;;;;;;;;;
;;;;;;;;;;;;;;;;;;;;;;;;;
;;;;;;;;;;;;;;;;;;;;;;;;;
;;;;;;;;;;;;;;;;;;;;;;;;;
;;;;;;;;;;;;;;;;;;;;;;;;;
;;;;;;;;;;;;;;;;;;;;;;;;;
;;;;;;;;;;;;;;;;;;;;;;;;;
;;;;;;;;;;;;;;;;;;;;;;;;;
;;;;;;;;;;;;;;;;;;;;;;;;;
;;;;;;;;;;;;;;;;;;;;;;;;;
;;;;;;;;;;;;;;;;;;;;;;;;;
;;;;;;;;;;;;;;;;;;;;;;;;;
;;;;;;;;;;;;;;;;;;;;;;;;;
;;;;;;;;;;;;;;;;;;;;;;;;;
;;;;;;;;;;;;;;;;;;;;;;;;;
;;;;;;;;;;;;;;;;;;;;;;;;;
;;;;;;;;;;;;;;;;;;;;;;;;;
;;;;;;;;;;;;;;;;;;;;;;;;;
;;;;;;;;;;;;;;;;;;;;;;;;;
;;;;;;;;;;;;;;;;;;;;;;;;;
;;;;;;;;;;;;;;;;;;;;;;;;;
;;;;;;;;;;;;;;;;;;;;;;;;;
;;;;;;;;;;;;;;;;;;;;;;;;;
;;;;;;;;;;;;;;;;;;;;;;;;;
;;;;;;;;;;;;;;;;;;;;;;;;;
;;;;;;;;;;;;;;;;;;;;;;;;;
;;;;;;;;;;;;;;;;;;;;;;;;;
;;;;;;;;;;;;;;;;;;;;;;;;;
;;;;;;;;;;;;;;;;;;;;;;;;;
;;;;;;;;;;;;;;;;;;;;;;;;;
;;;;;;;;;;;;;;;;;;;;;;;;;
;;;;;;;;;;;;;;;;;;;;;;;;;
;;;;;;;;;;;;;;;;;;;;;;;;;
;;;;;;;;;;;;;;;;;;;;;;;;;
;;;;;;;;;;;;;;;;;;;;;;;;;
;;;;;;;;;;;;;;;;;;;;;;;;;
;;;;;;;;;;;;;;;;;;;;;;;;;
;;;;;;;;;;;;;;;;;;;;;;;;;
;;;;;;;;;;;;;;;;;;;;;;;;;
;;;;;;;;;;;;;;;;;;;;;;;;;
;;;;;;;;;;;;;;;;;;;;;;;;;
;;;;;;;;;;;;;;;;;;;;;;;;;
;;;;;;;;;;;;;;;;;;;;;;;;;
;;;;;;;;;;;;;;;;;;;;;;;;;
;;;;;;;;;;;;;;;;;;;;;;;;;
;;;;;;;;;;;;;;;;;;;;;;;;;
;;;;;;;;;;;;;;;;;;;;;;;;;
;;;;;;;;;;;;;;;;;;;;;;;;;
;;;;;;;;;;;;;;;;;;;;;;;;;
;;;;;;;;;;;;;;;;;;;;;;;;;
;;;;;;;;;;;;;;;;;;;;;;;;;
;;;;;;;;;;;;;;;;;;;;;;;;;
;;;;;;;;;;;;;;;;;;;;;;;;;
;;;;;;;;;;;;;;;;;;;;;;;;;
;;;;;;;;;;;;;;;;;;;;;;;;;
;;;;;;;;;;;;;;;;;;;;;;;;;
;;;;;;;;;;;;;;;;;;;;;;;;;
;;;;;;;;;;;;;;;;;;;;;;;;;
;;;;;;;;;;;;;;;;;;;;;;;;;
;;;;;;;;;;;;;;;;;;;;;;;;;
;;;;;;;;;;;;;;;;;;;;;;;;;
;;;;;;;;;;;;;;;;;;;;;;;;;
;;;;;;;;;;;;;;;;;;;;;;;;;
;;;;;;;;;;;;;;;;;;;;;;;;;
;;;;;;;;;;;;;;;;;;;;;;;;;
;;;;;;;;;;;;;;;;;;;;;;;;;
;;;;;;;;;;;;;;;;;;;;;;;;;
;;;;;;;;;;;;;;;;;;;;;;;;;
;;;;;;;;;;;;;;;;;;;;;;;;;
;;;;;;;;;;;;;;;;;;;;;;;;;
;;;;;;;;;;;;;;;;;;;;;;;;;
;;;;;;;;;;;;;;;;;;;;;;;;;
;;;;;;;;;;;;;;;;;;;;;;;;;
;;;;;;;;;;;;;;;;;;;;;;;;;
;;;;;;;;;;;;;;;;;;;;;;;;;
;;;;;;;;;;;;;;;;;;;;;;;;;
;;;;;;;;;;;;;;;;;;;;;;;;;
;;;;;;;;;;;;;;;;;;;;;;;;;
;;;;;;;;;;;;;;;;;;;;;;;;;
;;;;;;;;;;;;;;;;;;;;;;;;;
;;;;;;;;;;;;;;;;;;;;;;;;;
;;;;;;;;;;;;;;;;;;;;;;;;;
;;;;;;;;;;;;;;;;;;;;;;;;;
;;;;;;;;;;;;;;;;;;;;;;;;;
;;;;;;;;;;;;;;;;;;;;;;;;;
;;;;;;;;;;;;;;;;;;;;;;;;;
;;;;;;;;;;;;;;;;;;;;;;;;;
;;;;;;;;;;;;;;;;;;;;;;;;;
;;;;;;;;;;;;;;;;;;;;;;;;;
;;;;;;;;;;;;;;;;;;;;;;;;;
;;;;;;;;;;;;;;;;;;;;;;;;;
;;;;;;;;;;;;;;;;;;;;;;;;;
;;;;;;;;;;;;;;;;;;;;;;;;;
;;;;;;;;;;;;;;;;;;;;;;;;;
;;;;;;;;;;;;;;;;;;;;;;;;;
;;;;;;;;;;;;;;;;;;;;;;;;;
;;;;;;;;;;;;;;;;;;;;;;;;;
;;;;;;;;;;;;;;;;;;;;;;;;;
;;;;;;;;;;;;;;;;;;;;;;;;;
;;;;;;;;;;;;;;;;;;;;;;;;;
;;;;;;;;;;;;;;;;;;;;;;;;;
;;;;;;;;;;;;;;;;;;;;;;;;;
;;;;;;;;;;;;;;;;;;;;;;;;;
;;;;;;;;;;;;;;;;;;;;;;;;;
;;;;;;;;;;;;;;;;;;;;;;;;;
;;;;;;;;;;;;;;;;;;;;;;;;;
;;;;;;;;;;;;;;;;;;;;;;;;;
;;;;;;;;;;;;;;;;;;;;;;;;;
;;;;;;;;;;;;;;;;;;;;;;;;;
;;;;;;;;;;;;;;;;;;;;;;;;;
;;;;;;;;;;;;;;;;;;;;;;;;;
;;;;;;;;;;;;;;;;;;;;;;;;;
;;;;;;;;;;;;;;;;;;;;;;;;;
;;;;;;;;;;;;;;;;;;;;;;;;;
;;;;;;;;;;;;;;;;;;;;;;;;;
;;;;;;;;;;;;;;;;;;;;;;;;;
;;;;;;;;;;;;;;;;;;;;;;;;;
;;;;;;;;;;;;;;;;;;;;;;;;;
;;;;;;;;;;;;;;;;;;;;;;;;;
;;;;;;;;;;;;;;;;;;;;;;;;;
;;;;;;;;;;;;;;;;;;;;;;;;;
;;;;;;;;;;;;;;;;;;;;;;;;;
;;;;;;;;;;;;;;;;;;;;;;;;;
;;;;;;;;;;;;;;;;;;;;;;;;;
;;;;;;;;;;;;;;;;;;;;;;;;;
;;;;;;;;;;;;;;;;;;;;;;;;;
;;;;;;;;;;;;;;;;;;;;;;;;;
;;;;;;;;;;;;;;;;;;;;;;;;;
;;;;;;;;;;;;;;;;;;;;;;;;;
;;;;;;;;;;;;;;;;;;;;;;;;;
;;;;;;;;;;;;;;;;;;;;;;;;;
;;;;;;;;;;;;;;;;;;;;;;;;;
;;;;;;;;;;;;;;;;;;;;;;;;;
;;;;;;;;;;;;;;;;;;;;;;;;;
;;;;;;;;;;;;;;;;;;;;;;;;;
;;;;;;;;;;;;;;;;;;;;;;;;;
;;;;;;;;;;;;;;;;;;;;;;;;;
;;;;;;;;;;;;;;;;;;;;;;;;;
;;;;;;;;;;;;;;;;;;;;;;;;;
;;;;;;;;;;;;;;;;;;;;;;;;;
;;;;;;;;;;;;;;;;;;;;;;;;;
;;;;;;;;;;;;;;;;;;;;;;;;;
;;;;;;;;;;;;;;;;;;;;;;;;;
;;;;;;;;;;;;;;;;;;;;;;;;;
;;;;;;;;;;;;;;;;;;;;;;;;;
;;;;;;;;;;;;;;;;;;;;;;;;;
;;;;;;;;;;;;;;;;;;;;;;;;;
;;;;;;;;;;;;;;;;;;;;;;;;;
;;;;;;;;;;;;;;;;;;;;;;;;;
;;;;;;;;;;;;;;;;;;;;;;;;;
;;;;;;;;;;;;;;;;;;;;;;;;;
;;;;;;;;;;;;;;;;;;;;;;;;;
;;;;;;;;;;;;;;;;;;;;;;;;;
;;;;;;;;;;;;;;;;;;;;;;;;;
;;;;;;;;;;;;;;;;;;;;;;;;;
;;;;;;;;;;;;;;;;;;;;;;;;;
;;;;;;;;;;;;;;;;;;;;;;;;;
;;;;;;;;;;;;;;;;;;;;;;;;;
;;;;;;;;;;;;;;;;;;;;;;;;;
;;;;;;;;;;;;;;;;;;;;;;;;;
;;;;;;;;;;;;;;;;;;;;;;;;;
;;;;;;;;;;;;;;;;;;;;;;;;;
;;;;;;;;;;;;;;;;;;;;;;;;;
;;;;;;;;;;;;;;;;;;;;;;;;;
;;;;;;;;;;;;;;;;;;;;;;;;;
;;;;;;;;;;;;;;;;;;;;;;;;;
;;;;;;;;;;;;;;;;;;;;;;;;;
;;;;;;;;;;;;;;;;;;;;;;;;;
;;;;;;;;;;;;;;;;;;;;;;;;;
;;;;;;;;;;;;;;;;;;;;;;;;;
;;;;;;;;;;;;;;;;;;;;;;;;;
;;;;;;;;;;;;;;;;;;;;;;;;;
;;;;;;;;;;;;;;;;;;;;;;;;;
;;;;;;;;;;;;;;;;;;;;;;;;;
;;;;;;;;;;;;;;;;;;;;;;;;;
;;;;;;;;;;;;;;;;;;;;;;;;;
;;;;;;;;;;;;;;;;;;;;;;;;;
;;;;;;;;;;;;;;;;;;;;;;;;;
;;;;;;;;;;;;;;;;;;;;;;;;;
;;;;;;;;;;;;;;;;;;;;;;;;;
;;;;;;;;;;;;;;;;;;;;;;;;;
;;;;;;;;;;;;;;;;;;;;;;;;;
;;;;;;;;;;;;;;;;;;;;;;;;;
;;;;;;;;;;;;;;;;;;;;;;;;;
;;;;;;;;;;;;;;;;;;;;;;;;;
;;;;;;;;;;;;;;;;;;;;;;;;;
;;;;;;;;;;;;;;;;;;;;;;;;;
;;;;;;;;;;;;;;;;;;;;;;;;;
;;;;;;;;;;;;;;;;;;;;;;;;;
;;;;;;;;;;;;;;;;;;;;;;;;;
;;;;;;;;;;;;;;;;;;;;;;;;;
;;;;;;;;;;;;;;;;;;;;;;;;;
;;;;;;;;;;;;;;;;;;;;;;;;;
;;;;;;;;;;;;;;;;;;;;;;;;;
;;;;;;;;;;;;;;;;;;;;;;;;;
;;;;;;;;;;;;;;;;;;;;;;;;;
;;;;;;;;;;;;;;;;;;;;;;;;;
;;;;;;;;;;;;;;;;;;;;;;;;;
;;;;;;;;;;;;;;;;;;;;;;;;;
;;;;;;;;;;;;;;;;;;;;;;;;;
;;;;;;;;;;;;;;;;;;;;;;;;;
;;;;;;;;;;;;;;;;;;;;;;;;;
;;;;;;;;;;;;;;;;;;;;;;;;;
;;;;;;;;;;;;;;;;;;;;;;;;;
;;;;;;;;;;;;;;;;;;;;;;;;;
;;;;;;;;;;;;;;;;;;;;;;;;;
;;;;;;;;;;;;;;;;;;;;;;;;;
;;;;;;;;;;;;;;;;;;;;;;;;;
;;;;;;;;;;;;;;;;;;;;;;;;;
;;;;;;;;;;;;;;;;;;;;;;;;;
;;;;;;;;;;;;;;;;;;;;;;;;;
;;;;;;;;;;;;;;;;;;;;;;;;;
;;;;;;;;;;;;;;;;;;;;;;;;;
;;;;;;;;;;;;;;;;;;;;;;;;;
;;;;;;;;;;;;;;;;;;;;;;;;;
;;;;;;;;;;;;;;;;;;;;;;;;;
;;;;;;;;;;;;;;;;;;;;;;;;;
;;;;;;;;;;;;;;;;;;;;;;;;;
;;;;;;;;;;;;;;;;;;;;;;;;;
;;;;;;;;;;;;;;;;;;;;;;;;;
;;;;;;;;;;;;;;;;;;;;;;;;;
;;;;;;;;;;;;;;;;;;;;;;;;;
;;;;;;;;;;;;;;;;;;;;;;;;;
;;;;;;;;;;;;;;;;;;;;;;;;;
;;;;;;;;;;;;;;;;;;;;;;;;;
;;;;;;;;;;;;;;;;;;;;;;;;;
;;;;;;;;;;;;;;;;;;;;;;;;;
;;;;;;;;;;;;;;;;;;;;;;;;;
;;;;;;;;;;;;;;;;;;;;;;;;;
;;;;;;;;;;;;;;;;;;;;;;;;;
;;;;;;;;;;;;;;;;;;;;;;;;;
;;;;;;;;;;;;;;;;;;;;;;;;;
;;;;;;;;;;;;;;;;;;;;;;;;;
;;;;;;;;;;;;;;;;;;;;;;;;;
;;;;;;;;;;;;;;;;;;;;;;;;;
;;;;;;;;;;;;;;;;;;;;;;;;;
;;;;;;;;;;;;;;;;;;;;;;;;;
;;;;;;;;;;;;;;;;;;;;;;;;;
;;;;;;;;;;;;;;;;;;;;;;;;;
;;;;;;;;;;;;;;;;;;;;;;;;;
;;;;;;;;;;;;;;;;;;;;;;;;;
;;;;;;;;;;;;;;;;;;;;;;;;;
;;;;;;;;;;;;;;;;;;;;;;;;;
;;;;;;;;;;;;;;;;;;;;;;;;;
;;;;;;;;;;;;;;;;;;;;;;;;;
;;;;;;;;;;;;;;;;;;;;;;;;;
;;;;;;;;;;;;;;;;;;;;;;;;;
;;;;;;;;;;;;;;;;;;;;;;;;;
;;;;;;;;;;;;;;;;;;;;;;;;;
;;;;;;;;;;;;;;;;;;;;;;;;;
;;;;;;;;;;;;;;;;;;;;;;;;;
;;;;;;;;;;;;;;;;;;;;;;;;;
;;;;;;;;;;;;;;;;;;;;;;;;;
;;;;;;;;;;;;;;;;;;;;;;;;;
;;;;;;;;;;;;;;;;;;;;;;;;;
;;;;;;;;;;;;;;;;;;;;;;;;;
